strain,insertion: 29bp @ ref pos 0,insertion: 2bp @ ref pos 5,insertion: 1bp @ ref pos 9,insertion: 84bp @ ref pos 1002
A/pintail/Alberta/156/97,AAAAGCAGG,,,CCTTGTTTC
A/avian/Japan/8KI0067/2008,AAAAGCAGG,,,
A/mallard/New_York/6874/1978,AGCAAAAGCAGG,,,CCTTGTTTCTACT
A/pintail_duck/Alberta/169/1980,AGCAAAAGCAGG,,,CCTTGTTTCTACT
A/mallard/Alberta/118/1995,AGCAAAAGCAGG,,,CCTTGTTTCTACT
A/duck/Alaska/429/1991,AGCAAAAGCAGG,,,CCTTGTTTCTACT
A/mallard/Alberta/242/1998,AGCAAAAGCAGG,,,CCTTGTTT
A/Blue-winged_Teal/Texas/AH0041113S.7.A/2015,AGCAAAAGCAGG,,,CCTTGTTTCTACT
A/Mallard/Pennsylvania/AH0119434S.7.A/2017,AGCAAAAGCAGG,,,CCTTGTTTCTACT
A/Mallard/Pennsylvania/AH0119431S.7.A/2017,AGCAAAAGCAGG,,,CCTTGTTTCTACT
A/blue-winged_teal/Guatemala/CIP049-I_H116-16/2013,AGCAAAAGCAGG,,,CCTTGTTTCTACT
A/blue-winged_teal/Guatemala/CIP049H101-24/2011,AGCAAAAGCAGG,,,CCTTGTTTCTACT
A/blue-winged_teal/Guatemala/CIP049H102-09/2011,AGCAAAAGCAGG,,,CCTTGTTTCTACT
A/blue-winged_teal/Guatemala/CIP049H103-20/2011,AGCAAAAGCAGG,,,CCTTGTTTCTACT
A/blue-winged_teal/Guatemala/CIP049H104-93/2011,AGCAAAAGCAGG,,,CCTTGTTTCTACT
A/Mallard/South_Dakota/AH0015002S.7.A/2015,AGCAAAAGCAGG,,,CCTTGTTTCTACT
A/mallard_duck/California/UCD704/2016,AGCAAAAGCAGG,,,CCTTGTTTCTACT
A/American_Green-winged_Teal/17OS4133/2017,AGCAAAAGCAGG,,,CCTTGTTTCTACT
A/Blue-winged_Teal/Wisconsin/AH0099825S.7.A/2016,AGCAAAAGCAGG,,,CCTTGTTTCTACT
A/American_Green-Winged_Teal/Alaska/19TL00145/2019,AGCAAAAGCAGG,,,CCTTGTTTCTACT
A/Northern_Pintail/Alaska/19TL00162/2019,AGCAAAAGCAGG,,,CCTTGTTTCTACT
A/northern_pintail/Alaska/52/2011,AGCAAAAGCAGG,,,CCTTGTTTCTACT
A/Mallard/North_Dakota/AH0037693S.7.A/2015,AGCAAAAGCAGG,,,CCTTGTTTCTACT
A/American_Wigeon/Utah/D1615126/2016,AGCAAAAGCAGG,,,CCTTGTTTCTACT
A/mallard/California/M15t72maH3/2018,AGCAAAAGCAGG,,,CCTTGTTTCTACT
A/mallard/California/UCD101475mdck/2016,AGCAAAAGCAGG,,,CCTTGTTTCTACT
A/blue-winged_teal/Guatemala/CIP049-I_H115-29/2013,AGCAAAAGCAGG,,,CCTTGTTTCTACT
A/blue-winged_teal/Guatemala/CIP049-S_H116-76/2013,AGCAAAAGCAGG,,,CCTTGTTTCTACT
A/blue-winged_teal/Guatemala/CIP049-S_H116-17/2013,AGCAAAAGCAGG,,,CCTTGTTTCTACT
A/blue-winged_teal/Guatemala/CIP049-S_H115-29/2013,AGCAAAAGCAGG,,,CCTTGTTTCTACT
A/blue-winged_teal/Guatemala/CIP049-I_H116-17/2013,AGCAAAAGCAGG,,,CCTTGTTTCTACT
A/mallard/California/UCD840/2015,AGCAAAAGCAGG,,,CCTTGTTTCTACT
A/harbor_seal/Massachusetts/1/2011,AGCAAAAGCAGG,,,
A/harbor_seal/New_Hampshire/M11t72H3/2018,AGCAAAAGCAGG,,,CCTTGTTTCTACT
A/harbor_seal/New_Hampshire/ES10B72H3/2019,AGCAAAAGCAGG,,,CCTTGTTTCTACT
A/harbor_seal/New_Hampshire/M15t72H3/2018,AGCAAAAGCAGG,,,CCTTGTTTCTACT
A/harbor_seal/New_Hampshire/SL06B48H3/2018,AGCAAAAGCAGG,,,CCTTGTTTCTACT
A/harbor_seal/New_Hampshire/ES10B48H3/2019,AGCAAAAGCAGG,,,CCTTGTTTCTACT
A/harbor_seal/New_Hampshire/UCD179629mdck/2017,AGCAAAAGCAGG,,,CCTTGTTTCTACT
A/mallard/Ohio/15OS4288/2015,AGCAAAAGCAGG,,,CCTTGTTTCTACT
A/mallard/Alberta/635/1983,AGCAAAAGCAGG,,,CCTTGTTTCTACT
A/black-headed_gull/Chile/C38075/2018,AGCAAAAGCAGG,,,CCTTGTTTCTACT
A/black_skimmer/Chile/C26100/2017,AGCAAAAGCAGG,,,CCTTGTTTCTACT
A/red-gartered_coot/Chile/C16030/2016,AGCAAAAGCAGG,,,CCTTGTTTCTACT
A/equine/Kyonggi/SA1/2011,AGCAAAAGCAGG,,,CCTTGTTTCTACT
A/equine/Colina/2012,AGCAAAAGCAGG,,,CCTTGTTTCTACT
A/equine/Pennsylvania/98683/2011,AGCAAAAGCAGG,,,CCTTGTTTCTACT
A/equine/New_York/CRP412/2013,AGCAAAAGCAGG,,,CCTTGTTTCTACT
A/equine/Santiago/TT16A/2018,AGCAAAAGCAGG,,,CCTTGTTTCTACT
A/equine/Santiago/TT11A/2018,AGCAAAAGCAGG,,,CCTTGTTTCTACT
A/equine/Chile/EQCL003/2018,AGCAAAAGCAGG,,,CCTTGTTTCTACT
A/equine/North_Carolina/202527/2016,AGCAAAAGCAGG,,,CCTTGTTTCTACT
A/equine/New_Jersey/93950/2015,AGCAAAAGCAGG,,,CCTTGTTTCTACT
A/equine/Tennessee/28B/2014,AGCAAAAGCAGG,,,CCTTGTTTCTACT
A/equine/Tennessee/29A/2014,AGCAAAAGCAGG,,,CCTTGTTTCTACT
A/equine/Tennessee/27A/2014,AGCAAAAGCAGG,,,CCTTGTTTCTACT
A/equine/Tennessee/30A/2014,AGCAAAAGCAGG,,,CCTTGTTTCTACT
A/equine/Tennessee/28A/2014,AGCAAAAGCAGG,,,CCTTGTTTCTACT
A/equine/Tennessee/4A/2014,AGCAAAAGCAGG,,,CTTTGTTTCTACT
A/equine/New_York/CRP413/2015,AGCAAAAGCAGG,,,CCTTGTTTCTACT
A/equine/New_Hampshire/315579/2015,AGCAAAAGCAGG,,,CCTTGTTTCTACT
A/donkey/Nigeria/VRD19_ZM20_T10_19RS459-5/2019,AGCAAAAGCAGG,,,CCTTGTTTCTACT
A/equine/United_Kingdom/PM099/2019,AGCAAAAGCAGG,,,CCTTGTTTCTACT
A/equine/United_Kingdom/PM096/2019,AGCAAAAGCAGG,,,CCTTGTTTCTACT
A/equine/United_Kingdom/PM084/2019,AGCAAAAGCAGG,,,CCTTGTTTCTACT
A/equine/United_Kingdom/PM083/2019,AGCAAAAGCAGG,,,CCTTGTTTCTACT
A/equine/United_Kingdom/PM082/2019,AGCAAAAGCAGG,,,CCTTGTTTCTACT
A/equine/United_Kingdom/PM093/2019,AGCAAAAGCAGG,,,CCTTGTTTCTACT
A/equine/New_York/036952/2020,AGCAAAAGCAGG,,,CCTTGTTTCTACT
A/equine/California/CRP342/2019,AGCAAAAGCAGG,,,CCTTGTTTCTACT
A/equine/United_Kingdom/PM094/2019,AGCAAAAGCAGG,,,CCTTGTTTCTACT
A/equine/United_Kingdom/PM090/2019,AGCAAAAGCAGG,,,CCTTGTTTCTACT
A/equine/United_Kingdom/PM089/2019,AGCAAAAGCAGG,,,CCTTGTTTCTACT
A/equine/United_Kingdom/PM009/2019,AGCAAAAGCAGG,,,CCTTGTTTCTACT
A/equine/Oklahoma/9241/2019,AGCAAAAGCAGG,,,CCTTGTTTCTACT
A/equine/Texas/CRP421/2019,AGCAAAAGCAGG,,,CCTTGTTTCTACT
A/equine/California/CRP419/2019,AGCAAAAGCAGG,,,CCTTGTTTCTACT
A/equine/New_York/82128/2014,AGCAAAAGCAGG,,,CCTTGTTTCTACT
A/equine/Texas/1/2020,AGCAAAAGCAGG,,,CCTTGTTTCTACT
A/equine/California/5/2020,AGCAAAAGCAGG,,,CCTTGTTTCTACT
A/equine/Ohio/OH21-6023/2021,AGCAAAAGCAGG,,,CCTTGTTTCTACT
A/equine/California/3/2020,AGCAAAAGCAGG,,,CCTTGTTTCTACT
A/equine/Missouri/1/2022,AGCAAAAGCAGG,,,CCTTGTTTCTACT
A/equine/Florida/2/2022,AGCAAAAGCAGG,,,CCTTGTTTCTACT
A/equine/Iowa/1/2021,AGCAAAAGCAGG,,,CCTTGTTTCTACT
A/equine/Rhode_Island/1/2021,AGCAAAAGCAGG,,,CCTTGTTTCTACT
A/equine/Pulawy/1/2006,AGCAAAAGCAGG,,,
A/equine/Kentucky/5/2002,AGCAAAAGCAGG,,,CCTTGTTTCTACT
A/equine/Heilongjiang/SS1/2013,AGCAAAAGCAGG,,,CCTTGTTTCTACT
A/equine/Guangxi/1/2008,AGCAAAAGCAGG,,,CCTTGTTTCTACT
A/equine/Himachal_Pradesh/CMVL-YOL2/2008,AGCAAAAGCAGG,,,CCTTGTTTCTACT
A/equine/Jammu_and_Kashmir/CMVL-LEH4/2008,AGCAAAAGCAGG,,,CCTTGTTTCTACT
A/equine/Hissar/CMVL-HSR4/2008,AGCAAAAGCAGG,,,CCTTGTTTCTACT
A/equine/Baizak/09/2012,AGCAAAAGCAGG,,,CCTTGTTTCTACT
A/equine/Kostanay/9/2012,AGCAAAAGCAGG,,,CCTTGTTTCTACT
A/equine/LKZ/9/2012,AGCAAAAGCAGG,,,CCTTGTTTCTACT
A/equine/Pulawy/P2ECE/2005,AGCAAAAGCAGG,,,CAATT
A/equine/Pulawy/1/2005,AGCAAAAGCAGG,,,CCTTGTTTC
A/equine/Quillota/2/1992,AGCAAAAGCAGG,,,CCTTGTTTCTACT
A/mallard/Netherlands/29/2013,AGCAAAAGCAGG,,,CCTTGTTTCTACT
A/duck/Hokkaido/15/2015,AGCAAAAGCAGG,,,CCTTGTTTCTACT
A/mallard_duck/Netherlands/1/2004,AGCAAAAGCAGG,,,CCTTGTTTCTACT
A/mallard_duck/Netherlands/2/2003,AGCAAAAGCAGG,,,CCTTGTTTCTACT
A/mallard_duck/Netherlands/1/2003,AGCAAAAGCAGG,,,CCTTGTTTCTACT
A/Mallard/Netherlands/8/2013,AGCAAAAGCAGG,,,CCTTGTTTCTACT
A/Mallard/Netherlands/3/2013,AGCAAAAGCAGG,,,CCTTGTTTCTACT
A/mallard_duck/Netherlands/2/2013,AGCAAAAGCAGG,,,CCTTGTTTCTACT
A/mallard_duck/Netherlands/51/2008,AGCAAAAGCAGG,,,CCTTGTTTCTACT
A/turnstone/Netherlands/1/2010,AGCAAAAGCAGG,,,CCTTGTTTCTACT
A/mallard_duck/Netherlands/7/2008,AGCAAAAGCAGG,,,CCTTGTTTCTACT
A/mallard_duck/Netherlands/13/2009,AGCAAAAGCAGG,,,CCTTGTTTCTACT
A/mallard/Jiangxi/2-5/2010,AGCAAAAGCAGG,,,CCTTGTTTCTACT
A/dunlin/Netherlands/2/2007,AGCAAAAGCAGG,,,CCTTGTTTCTACT
A/dunlin/Netherlands/3/2007,AGCAAAAGCAGG,,,CCTTGTTTCTACT
A/turnstone/Netherlands/2/2007,AGCAAAAGCAGG,,,CCTTGTTTCTACT
A/turnstone/Netherlands/4/2008,AGCAAAAGCAGG,,,CCTTGTTTCTACT
A/Bewick_swan/Netherlands/5/2007,AGCAAAAGCAGG,,,CCTTGTTTCTACT
A/mallard/Netherlands/21/2016,AGCAAAAGCAGG,,,CCTTGTTTCTACT
A/mallard_duck/Netherlands/30/2010,AGCAAAAGCAGG,,,CCTTGTTTCTACT
A/mallard_duck/Netherlands/14/2011,AGCAAAAGCAGG,,,CCTTGTTTCTACT
A/duck/Kerala/DUTR1411100009/2014,AGCAAAAGCAGG,,,CCTTGTTTCTACT
A/mallard_duck/Netherlands/6/2013,AGCAAAAGCAGG,,,CCTTGTTTCTACT
A/duck/Moscow/4788/2012,AGCAAAAGCAGG,,,CCTTGTTTC
A/Mallard/Netherlands/21/2013,AGCAAAAGCAGG,,,CCTTGTTTCTACT
A/mallard_duck/Netherlands/16/2012,AGCAAAAGCAGG,,,CCTTGTTTCTACT
A/Eurasian_teal/Netherlands/1/2011,AGCAAAAGCAGG,,,CCTTGTTTCTACT
A/mallard_duck/Netherlands/60/2006,AGCAAAAGCAGG,,,CCTTGTTTCTACT
A/gadwall_duck/Netherlands/3/2006,AGCAAAAGCAGG,,,CCTTGTTTCTACT
A/Mallard/Netherlands/37/2015,AGCAAAAGCAGG,,,CCTTGTTTCTACT
A/pintail/Egypt/MB-D-384C/2015,AGCAAAAGCAGG,,,CCTTGTTTCTACT
A/duck/Moscow/5163/2015,AGCAAAAGCAGG,,,CCTTGTTTCTACT
A/duck/Moscow/5169/2015,AGCAAAAGCAGG,,,CCTTGTTTCTACT
A/duck/Moscow/5172/2015,AGCAAAAGCAGG,,,CCTTGTTTCTACT
A/duck/Moscow/5171/2015,AGCAAAAGCAGG,,,CCTTGTTTCTACT
A/Muscovy_duck/Vietnam/HN5481/2019,AGCAAAAGCAGG,,,CCTTGTTTCTACT
A/Muscovy_duck/Vietnam/HN5489/2019,AGCAAAAGCAGG,,,CCTTGTTTCTACT
A/duck/Vietnam/HN6617/2020,AGCAAAAGCAGG,,,CCTTGTTTCTACT
A/Domestic_duck/Iran/domestic_duck_379/2017,AGCAAAAGCAGG,,,CCTTGTTTCTACT
A/Domestic_duck/Iran/domestic_duck_375/2017,AGCAAAAGCAGG,,,CCTTGTTTCTACT
A/duck/Moscow/5881/2021,AGCAAAAGCAGG,,,CCTTGTTTCTACT
A/duck/Chernogolovka/5897/2021,AGCAAAAGCAGG,,,CCTTGTTTCTACT
A/duck/Chernogolovka/5908/2021,AGCAAAAGCAGG,,,CCTTGTTTCTACT
A/duck/Kerala/DUCL1412100031/2014,AGCAAAAGCAGG,,,CCTTGTTTCTACT
A/barnacle_goose/Netherlands/2/2014,AGCAAAAGCAGG,,,CCTTGTTTCTACT
A/duck/Assam/DUOR1512100030/2015,AGCAAAAGCAGG,,,
A/duck/Assam/DUCL1512100011/2015,AGCAAAAGCAGG,,,
A/shearwater/Australia/405/1978,AGCAAAAGCAGG,,,CCTTGTTTCTACT
A/common_teal/Netherlands/07/2000,AGCAAAAGCAGG,,,CCTTGTTTCTACT
A/chicken/Nanchang/7-010/2000,AGCAAAAGCAGG,,,CCTTGTTTCTACT
A/quail/Nanchang/7-026/2000,AGCAAAAGCAGG,,,CCTTGTTTCTACT
A/mallard/Netherlands/39/2008,AGCAAAAGCAGG,,,CCTTGTTTCTACT
A/mallard_duck/Netherlands/13/2012,AGCAAAAGCAGG,,,CCTTGTTTCTACT
A/mallard_duck/Netherlands/34/2006,AGCAAAAGCAGG,,,CCTTGTTTCTACT
A/mallard_duck/Netherlands/34/2010,AGCAAAAGCAGG,,,CCTTGTTTCTACT
A/mallard_duck/Netherlands/08/2000,AGCAAAAGCAGG,,,CCTTGTTTCTACT
A/pigeon/Guangxi/020P/2009,AGCAAAAGCAGG,,,CCTTGTTTCTACT
A/goose/Guangxi/020G/2009,AGCAAAAGCAGG,,,CCTTGTTTCTACT
A/swine/Kazakhstan/106/1985,AGCAAAAGCAGG,,,CCTTGTTTCTACT
A/Bucefala_clangula/Buryatia/652/1988,AGCAAAAGCAGG,,,CCTTGTTTCTACT
A/canine/Guangdong/DY1/2019,AGCAAAAGCAGG,,,CCTTGTTCTACT
A/canine/Ohio/A91/2017,AGCAAAAGCAGG,,,CCTTGTTTCTACT
A/canine/Korea/BD-1/2013,AGCAAAAGCAGG,,,CCTTGTTTCTACT
A/feline/Heilongjiang/ZH/2014,AGCAAAAGCAGG,,,CCTTGTTTCTACT
A/canine/Guangdong/02/2013,AGCAAAAGCAGG,,,CCTTGTTTCTACT
A/canine/Guangdong/01/2013,AGCAAAAGCAGG,,,CCTTGTTTCTACT
A/canine/Illinois/077741/2016,AGCAAAAGCAGG,,,CCTTGTTTCTACT
A/canine/North_Carolina/109904/2015,AGCAAAAGCAGG,,,CCTTGTTTCTACT
A/canine/Korea/DG1/2014,AGCAAAAGCAGG,,,CCTTGTTTCTACT
A/mallard/Jiangxi/1-19/2010,AGCAAAAGCAGG,,,CCTTGTTTCTACT
A/Bar-headed_goose__Anser_indicus_/India/DBC1-12a/2016,AGCAAAAGCAGG,,,CCTTGTTTCTA
A/chicken/Guangdong/01/2013,AGCAAAAGCAGG,,,CCTTGT
A/duck/China/322D22/2018,AGCAAAAGCAGG,,,CCTTGTTTCTACT
A/pigeon/Guangxi/128P9/2012,AGCAAAAGCAGG,,,CCTTGTTTCTACT
A/duck/Guangxi/175D12/2014,AGCAAAAGCAGG,,,CCTTGTTTCTACT
A/aquatic_bird/Jeonju/KN4/2005,AGCAAAAGCAGG,,,CCTTGTTTCTACT
A/chicken/Ganzhou/GZ43/2016,AGCAAAAGCAGG,,,CCTTGTTTCTACT
A/chicken/Ganzhou/GZ157/2016,AGCAAAAGCAGG,,,CCTTGTTTCTACT
A/duck/Vietnam/HN5687/2019,AGCAAAAGCAGG,,,CCTTGTTTCTACT
A/duck/Vietnam/HN5684/2019,AGCAAAAGCAGG,,,CCTTGTTTCTACT
A/Muscovy_duck/Vietnam/HN5482/2019,AGCAAAAGCAGG,,,CCTTGTTTCTACT
A/Muscovy_duck/Vietnam/HN5485/2019,AGCAAAAGCAGG,,,CCTTGTTTCTACT
A/duck/Vietnam/HN5474/2019,AGCAAAAGCAGG,,,CCTTGTTTCTACT
A/duck/Vietnam/HN5620/2019,AGCAAAAGCAGG,,,CCTTGTTTCTACT
A/duck/Vietnam/HN6425/2020,AGCAAAAGCAGG,,,CCTTGTTTCTACT
A/Muscovy_duck/Vietnam/QN6297/2020,AGCAAAAGCAGG,,,CCTTGTTTCTACT
A/duck/Vietnam/HN6211/2020,AGCAAAAGCAGG,,,CCTTGTTTCTACT
A/Muscovy_duck/Vietnam/HN6220/2020,AGCAAAAGCAGG,,,CCTTGTTTCTACT
A/duck/Vietnam/HN6212/2020,AGCAAAAGCAGG,,,CCTTGTTTCTACT
A/duck/Vietnam/HN4931/2018,AGCAAAAGCAGG,,,CCTTGTTTCTACT
A/duck/Vietnam/HN5426/2019,AGCAAAAGCAGG,,,CCTTGTTTCTACT
A/duck/Vietnam/HN5421/2019,AGCAAAAGCAGG,,,CCTTGTTTCTACT
A/duck/Shanghai/120-1/2009,AGCAAAAGCAGG,,,CCTTGTTTCTA
A/duck/Vietnam/HN5001/2018,AGCAAAAGCAGG,,,CCTTGTTTCTACT
A/duck/Vietnam/HN6471/2020,AGCAAAAGCAGG,,,CCTTGTTTCTACT
A/duck/Vietnam/QN6589/2020,AGCAAAAGCAGG,,,CCTTGTTTCTACT
A/duck/Vietnam/QN6586/2020,AGCAAAAGCAGG,,,CCTTGTTTCTACT
A/turnstone/Netherlands/3/2008,AGCAAAAGCAGG,,,CCTTGTTTCTACT
A/Arenaria_interpres/Belgium/9365_2/2019,AGCAAAAGCAGG,,,CCTTGTTTCTACT
A/equine/Jilin/1/1989,AGCAAAAGCAGG,,,CCTTGTTTCTACT
A/duck/Vietnam/HN4792/2018,AGCAAAAGCAGG,,,CCTTGTTTCTACT
A/duck/Vietnam/HN4793/2018,AGCAAAAGCAGG,,,CCTTGTTTCTACT
A/duck/Vietnam/HN4798/2018,AGCAAAAGCAGG,,,CCTTGTTTCTACT
A/duck/Vietnam/HN4797/2018,AGCAAAAGCAGG,,,CCTTGTTTCTACT
A/Muscovy_duck/Vietnam/HN4903/2018,AGCAAAAGCAGG,,,CCTTGTTTCTACT
A/Muscovy_duck/Vietnam/HN4910/2018,AGCAAAAGCAGG,,,CCTTGTTTCTACT
A/duck/Vietnam/HN4917/2018,AGCAAAAGCAGG,,,CCTTGTTTCTACT
A/duck/Vietnam/HN4911/2018,AGCAAAAGCAGG,,,CCTTGTTTCTACT
A/duck/Vietnam/HN5003/2018,AGCAAAAGCAGG,,,CCTTGTTTCTACT
A/duck/Vietnam/HN5952/2019,AGCAAAAGCAGG,,,CCTTGTTTCTACT
A/duck/Vietnam/HN5956/2019,AGCAAAAGCAGG,,,CCTTGTTTCTACT
A/duck/Vietnam/HN5958/2019,AGCAAAAGCAGG,,,CCTTGTTTCTACT
A/duck/Vietnam/HN5953/2019,AGCAAAAGCAGG,,,CCTTGTTTCTACT
A/duck/Vietnam/HN5955/2019,AGCAAAAGCAGG,,,CCTTGTTTCTACT
A/duck/Hebei/B1647-1/2011,AGCAAAAGCAGG,,,CCTTGTTTCTA
A/duck/Hebei/B1646-2/2011,AGCAAAAGCAGG,,,CCTTGTTTCTACT
A/swine/Hong_Kong/127/1982,AGCAAAAGCAGG,,,CCTTGTTTCTACT
A/duck/Chabarovsk/1610/1972_,AGCAAAAGCAGG,,,CCTTGTTTCTACT
A/swine/Bissendorf/IDT1864/2003,AGCAAAAGCAGG,,,
A/swine/Nordkirchen/IDT1993/2003,AGCAAAAGCAGG,,,
A/swine/Bakum/8602/99,AGCAAAAGCAGG,,,
A/swine/Reken/5580/2006,AGCAAAAGCAGG,,,
A/swine/Bakum/IDT1769/2003,AGCAAAAGCAGG,,,CGTACTCTTTG
A/swine/Mexico/AVX20/2012,AGCAAAAGCAGG,,,CCTTGTTTCTACT
A/swine/Mexico/AVX19/2012,AGCAAAAGCAGG,,,CCTTGTTTCTACT
A/swine/Mexico/AVX14/2012,AGCAAAAGCAGG,,,CCTTGTTTCTACT
A/swine/Mexico/AVX36/2012,AGCAAAAGCAGG,,,CCTTGTTTCTACT
A/swine/Mexico/AVX35/2012,AGCAAAAGCAGG,,,CCTTGTTTCTACT
A/swine/Quebec/1698182/2014,AGCAAAAGCAGG,,,CCTTGTT
A/swine/Brazil/061_14-2/2014,AGCAAAAGCAGG,,,CCTTGTTTCTACT
A/swine/Brazil/068_15/2015,AGCAAAAGCAGG,,,CCTTGTTTCTACT
A/swine/Brazil/028_15-8/2015,AGCAAAAGCAGG,,,CCTTGTTTCTACT
A/canine/Korea/MV1/2012,AGCAAAAGCAGG,,,CCTTGTTTCTACT
A/swine/Quebec/1279825/2011,AGCAAAAGCAGG,,,CCTTGTTGCTACT
A/swine/Brazil/231-11-1/2011,AGCAAAAGCAGG,,,CCTTGTTTCTACT
A/swine/Mexico/AVX15/2012,AGCAAAAGCAGG,,,CCTTGTTTCTACT
A/swine/Brazil/154_14-1/2014,AGCAAAAGCAGG,,,CCTTGTTTCTACT
A/swine/Tochigi/14/2013,AGCAAAAGCAGG,,,CCTTGTTTCTACT
A/swine/Brazil/365-11-7/2011,AGCAAAAGCAGG,,,CCTTGTTTCTAC
A/swine/Taiwan/NPUST0014/2013,AGCAAAAGCAGG,,,CCTTGTTTCTACT
A/swine/Taiwan/NPUST0008/2013,AGCAAAAGCAGG,,,CCTTGTTTCTACT
A/swine/Taiwan/NPUST0007/2013,AGCAAAAGCAGG,,,CCTTGTTTCTACT
A/swine/Taiwan/NPUST0009/2013,AGCAAAAGCAGG,,,CCTTGTTTCTACT
A/swine/Taiwan/NPUST0004/2013,AGCAAAAGCAGG,,,CCTTGTTTCTACT
A/swine/Indiana/16TOSU4068/2016,AGCAAAAGCAGG,,,CCTTGTTTCTACT
A/swine/Valparaiso/VN1401-3773/2018,AGCAAAAGCAGG,,,CCTTGTTTCTACT
A/swine/Los_Andes/VN1401-3086/2017,AGCAAAAGCAGG,,,CCTTGTTTCTACT
A/swine/Nebraska/A01378048/2021,AGCAAAAGCAGG,,,CCTTGTTTCTACT
A/swine/Taiwan/NPUST0012/2013,AGCAAAAGCAGG,,,CCTTGTTTCTACT
A/swine/Brazil/148-19/2019,AGCAAAAGCAGG,,,CCTTGTTTCTACT
A/Sus_scrofa/France/62-160219/2016,AGCAAAAGCAGG,,,CCTTGTTTCTACT
A/swine/Brazil/527-17/2017,AGCAAAAGCAGG,,,CCTTGTTTCTACT
A/swine/Brazil/360-17/2017,AGCAAAAGCAGG,,,CCTTGTTTCTACT
A/swine/Maule/VN1401-3983/2018,AGCAAAAGCAGG,,,CCTTGTTTCTACT
A/swine/Maule/VN1401-3981/2018,AGCAAAAGCAGG,,,CCTTGTTTCTACT
A/swine/Maule/VN1401-3982/2018,AGCAAAAGCAGG,,,CCTTGTTTCTACT
A/swine/Spain/45690-1/2016,AGCAAAAGCAGG,,,CCTTGTTTCTACT
A/swine/Spain/46314-2/2020,AGCAAAAGCAGG,,,CCTTGTTTCTACT
A/swine/Potsdam/35/82,AGCAAAAGCAGG,,,
A/swine/Lohne/1/97,AGCAAAAGCAGG,,,
A/swine/Chachoengsao/2002,AGCAAAAGCAGG,,,CCTTGTTTCTACT
A/swine/Nakhon_Pathom/2002,AGCAAAAGCAGG,,,CCTTGTTTCTACT
A/swine/Thailand/CM480/2009,AGCAAAAGCAGG,,,CCTTGTTTCTACTAA
A/Sus_scrofa/France/62-140458/2014,AGCAAAAGCAGG,,,CCTTGTTTCT
A/Sus_scrofa/France/59-140441/2014,AGCAAAAGCAGG,,,CCTTGTTTCTACT
A/swine/France/59-120031/2012,AGCAAAAGCAGG,,,CCTTGTTTCTACT
A/swine/France/59-150357/2015,AGCAAAAGCAGG,,,CCTTGTTTCTACT
A/swine/Vilsbiburg/5733/2006,AGCAAAAGCAGG,,,CCTTG
A/swine/Tetenbuell/9718/2009,AGCAAAAGCAGG,,,CC
A/swine/Spain/11/2010,AGCAAAAGCAGG,,,
A/swine/Spain/45690-10/2018,AGCAAAAGCAGG,,,CCTTGTTTCTACT
A/swine/Spain/45690-12/2019,AGCAAAAGCAGG,,,CCTTGTTTCTACT
A/swine/Spain/45690-11/2019,AGCAAAAGCAGG,,,CCTTGTTTCTACT
A/duck/Nanchang/8-174/2000,AGCAAAAGCAGG,,,CCTTGTTTCTACT
A/swine/Guangdong/01/1998,AGCAAAAGCAGG,,,CCTTGTTTCTACT
A/swine/Obihiro/10/1985,AGCAAAAGCAGG,,,CCTTGTTTTTACT
A/swine/Fujian/43/2007,AGCAAAAGCAGG,,,CCTTGTTTCT
A/swine/Shandong/3/2005,AGCAAAAGCAGG,,,CCTTGTTTCTACT
A/swine/Guatemala/MM-160/2013,AGCAAAAGCAGG,,,CCTTGTTTCTACT
A/Swine/Iowa/8548-1/98,AGCAAAAGCAGG,,,
A/Swine/Minnesota/9088-2/98_,AGCAAAAGCAGG,,,
A/Swine/Nebraska/209/98_,AGCAAAAGCAGG,,,
A/Swine/Minnesota/593/99_,AGCAAAAGCAGG,,,
A/swine/Iowa/MT_12_07_4294/2012,AGCAAAAGCAGG,,,CCTTGTTTCT
A/swine/North_Carolina/R08-001877-D08-013371/2008_,AGCAAAAGCAGG,,,CCTTGTTTCTACT
A/swine/MI/PU243/04_,AGCAAAAGCAGG,,,CCTTGTTTCTACT
A/swine/IN/PU542/04_,AGCAAAAGCAGG,,,CCTTGTTTCTACT
A/swine/Guangdong/01/2005,AGCAAAAGCAGG,,,CCTTGTTTCTACT
A/swine/Hong_Kong/126/1982,AGCAAAAGCAGG,,,CCTTGTTTCTACT
A/swine/Chiai/77-10/2001,AGCAAAAGCAGG,,,CCTTGTTTCTACT
A/Steller's_eider/Alaska/44354-138/2007,G,,,
A/mallard/Interior_Alaska/6MP0983R1/2006,G,,,
A/green-winged_teal/Interior_Alaska/6MP1312/2006,G,,,
A/mallard/Interior_Alaska/7MP1835/2007,G,,,
A/spectacled_eider/Alaska/44173-055/2006,G,,,
A/American_green-winged_teal/Alaska/44419-342/2008,G,,,C
A/northern_pintail/Alaska/44500-075/2009,G,,,
A/mallard/France/2515/2001,G,,,
A/Mallard/SanJiang/90/2006,G,,,CCTAGTTTCTAC
A/Wild_duck/South_Korea/KNU2020-104/2020,G,,,
A/swine/Mexico/9562931/2013,G,,,
A/swine/Saskatchewan/SD0065/2014,G,,,
A/swine/British_Columbia/SD0290/2018,G,,,
A/swine/Indiana/16TOSU2990/2016,G,,,
A/swine/Manitoba/SG1438/2011,G,,,
A/swine/Mexico/9890611/2013,G,,,
A/swine/Mexico/9857788/2013,G,,,
A/swine/Mexico/9714185/2013,G,,,
A/swine/Mexico/9741876/2013,G,,,
A/swine/Mexico/9783514/2013,G,,,
A/swine/Mexico/9684432/2013,G,,,
A/swine/Mexico/9634750/2013,G,,,
A/swine/Mexico/8630638/2011,G,,,
A/swine/Mexico/SG1449/2011,G,,,
A/swine/Mexico/8630588/2011,G,,,
A/swine/Mexico/SG1448/2011,G,,,
A/swine/Mexico/SG1442/2010,G,,,
A/swine/Mexico/8630565/2011,G,,,
A/swine/Mexico/SG1447/2011,G,,,
A/swine/Manitoba/D0439/2016,G,,,
A/swine/Manitoba/D0481/2017,G,,,
A/swine/Manitoba/D0525/2018,G,,,
A/swine/Manitoba/D0520/2017,G,,,
A/swine/Manitoba/D0522/2017,G,,,
A/swine/Manitoba/D0349/2014,G,,,
A/swine/Manitoba/D0227/2013,G,,,
A/swine/Manitoba/D0181/2012,G,,,
A/swine/Manitoba/D0184/2012,G,,,
A/swine/Manitoba/D0201/2013,G,,,
A/swine/Manitoba/D0205/2013,G,,,
A/swine/Manitoba/D0255/2013,G,,,
A/swine/Manitoba/D0360/2014,G,,,
A/swine/Manitoba/D0370/2015,G,,,
A/swine/Manitoba/D0440/2016,G,,,
A/swine/Manitoba/D0177/2012,G,,,
A/swine/Manitoba/D0460/2016,G,,,
A/swine/Manitoba/D0373/2015,G,,,
A/swine/Manitoba/D0475/2016,G,,,
A/swine/Manitoba/D0467/2016,G,,,
A/swine/Ontario/SD0298/2018,G,,,
A/swine/Saskatchewan/SD0300/2018,G,,,
A/swine/Manitoba/D0497/2017,G,,,
A/swine/Manitoba/D0476/2016,G,,,
A/swine/Mexico/10499819/2014,G,,,
A/swine/Saskatchewan/SD0271/2018,G,,,
A/swine/Manitoba/D0524/2018,G,,,
A/swine/Alberta/SD0181/2016,G,,,
A/Steller's_eider/Alaska/44354-352/2007,GG,,,
A/Steller's_eider/Alaska/44354-376/2007,GG,,,
A/Equus_caballus/Ulaanbaatar/5/2011,GG,,,CCTTGTTTCTACT
A/duck/Mongolia/618/2018,GG,,,C
A/duck/Vietnam/HU5-481/2016,GG,,,C
A/duck/Hokkaido/W150/2015,GG,,,C
A/Mallard_Anas_platyrhynchos_/South_Korea/KNU2019-53/2019,GG,,,C
A/duck/Vietnam/HU8-1918/2017,GG,,,C
A/blue-winged_teal/Guatemala/CIP049H109-14/2012,AGCGAAAGCAGG,,,CCTTGTTTCTACT
A/blue-winged_teal/Guatemala/CIP049H102-25/2011,AGCGAAAGCAGG,,,CCTTGTTTCTACT
A/blue-winged_teal/Guatemala/CIP049H108-67/2012,AGCGAAAGCAGG,,,CCTTGTTTCTACT
A/blue-winged_teal/Guatemala/CIP049H108-45/2012,AGCGAAAGCAGG,,,CCTTGTTTCTACT
A/blue-winged_teal/Guatemala/CIP049H105-08/2011,AGCGAAAGCAGG,,,CCTTGTTTCTACT
A/blue-winged_teal/Guatemala/CIP049H109-38/2012,AGCGAAAGCAGG,,,CCTTGTTTCTACT
A/blue-winged_teal/Guatemala/CIP049H109-28/2012,AGCGAAAGCAGG,,,CCTTGTTTCTACT
A/blue-winged_teal/Guatemala/CIP049H102-29/2011,AGCGAAAGCAGG,,,CCTTGTTTCTACT
A/blue-winged_teal/Guatemala/CIP049H109-15/2012,AGCGAAAGCAGG,,,CCTTGTTTCTACT
A/Northern_shoveler/Guatemala/CIP049HT114-14/2013,AGCGAAAGCAGG,,,CCTTGTTTCTACT
A/mallard/Alberta/81/2017,AGCGAAAGCAGG,,,
A/equine/New_York/034924/2020,AGCGAAAGCAGG,,,CCTTGTTTCTACT
A/equine/California/CRP341/2019,AGCGAAAGCAGG,,,CCTTGTTTCTACT
A/Equus_caballus/Ulaanbaatar/4/2011,AGCGAAAGCAGG,,,CCTTGTTTCTACT
A/equine/Ankara/1/2013,AGCGAAAGCAGG,,,CCTTGTTTCTACT
A/duck/Vietnam/HN6569/2020,AGCGAAAGCAGG,,,CCTTGTTTCTACT
A/swine/Mexico/AVX13/2012,AGCGAAAGCAGG,,,CCTTGTTTCTACT
A/swine/Mexico/AVX26/2012,AGCGAAAGCAGG,,,CCTTGTTTCTACT
A/swine/Mexico/AVX57/2013,AGCGAAAGCAGG,,,CCTTGTTTCTACT
A/swine/Mexico/AVX60/2013,AGCGAAAGCAGG,,,CCTTGTTTCTACT
A/swine/Mexico/AVX53/2013,AGCGAAAGCAGG,,,CCTTGTTTCTACT
A/swine/Mexico/AVX34/2012,AGCGAAAGCAGG,,,CCTTGTTTCTACT
A/swine/Mexico/AVX33/2012,AGCGAAAGCAGG,,,CCTTGTTTCTACT
A/swine/Brazil/355-11-6/2011,AGCGAAAGCAGG,,,CCTTGTTTCTACT
A/swine/Brazil/072-19-1/2019,AGCGAAAGCAGG,,,CCTTGTTTCTACT
A/swine/Brazil/043-19/2019,AGCGAAAGCAGG,,,CCTTGTTTCTACT
A/swine/Mexico/AVX28/2012,AGCGAAAGCAGG,,,CCTTGTTTCTACT
A/swine/IDT/Re220/92,AGCGAAAGCAGG,,,
A/swine/Italy/337155/2012,AGCGAAAGCAGG,,,CCTTGTTTCTACT
A/swine/Mexico/AVX64/2014,AGCGAAAGCAGG,,,CCTTGTTTCTACT
A/mallard/Alberta/586/2017,CAAAAGCAGG,,,
A/Duck/Mongolia/2021-MG02/2021,CAAAAGCAGG,,,CCTTGTTTCTA
A/duck/Mongolia/129/2015,CAAAAGCAGG,,,CCTTGTTT
A/duck/Mongolia/211/2015,CAAAAGCAGG,,,CCTTGTTT
A/mallard/Alberta/47/2017,AAAGCAGG,,,CCTTGTTTCTAC
A/mallard/Netherlands/5/2001,AAAGCAGG,,,CCTTGTTTCTACT
A/Duck/Foshan/11/2019,AAAGCAGG,,,CCTTGTTTCTACT
A/chicken/Nanjing/B854-2/2011,AAAGCAGG,,,CCTTGTTTCTACT
A/duck/Alberta/16/1976,CAGG,,,C
A/duck/Hokkaido/221/2008,CAGG,,,CCTTG
A/duck/Mongolia/972/2018,CAGG,,,C
A/duck/Mongolia/566/2018,CAGG,,,CC
A/Mallard_Anas_platyrhynchos_/South_Korea/KNU2019-56/2019,CAGG,,,C
A/Mallard_Anas_platyrhynchos_/South_Korea/KNU2019-52/2019,CAGG,,,C
A/duck/Mongolia/116/2011,CAGG,,,CCTTG
A/swine/Italy/526/1985,CAGG,,,CCTTGTT
A/swine/Italy/6/1981,CAGG,,,CCTTGTTT
A/Equus_ferus_caballus/USA/176576/2019,AGCAAAGCAGG,,,CCTTGTTTCTACT
A/Equus_ferus_caballus/USA/72778/2019,AGCAAAGCAGG,,,CCTTGTTTCTACT
A/Equus_ferus_caballus/USA/48519/2019,AGCAAAGCAGG,,,CCTTGTTTCTACT
A/Equus_ferus_caballus/USA/82889/2019,AGCAAAGCAGG,,,CCTTGTTTCTACT
A/Equus_ferus_caballus/USA/53954/2019,AGCAAAGCAGG,,,CCTTGTTTCTACT
A/Canis_lupus_familiaris/USA/218592/2017,AGCAAAGCAGG,,,CCTTGTTTCTACT
A/Canis_lupus_familiaris/USA/188305/2017,AGCAAAGCAGG,,,CCTTGTTTCTACT
A/Canis_lupus_familiaris/USA/188297/2017,AGCAAAGCAGG,,,CCTTGTTTCTACT
A/canine/Ohio/188191/2017,AGCAAAGCAGG,,,CCTTGTTTCTACT
A/swine/Tainan/103-11/2003,AGCAAAGCAGG,,,CCTTGTTCTCAT
A/equine/Mongolia/3/2013,ACCGAAAGCAGG,,,CCTTGTTTCTACT
A/duck/Mongolia/139/2010,AGCAGG,,,CCTT
A/duck/Mongolia/146/2010,AGCAGG,,,CCTTGT
A/duck/Hokkaido/20/2015,AGCAGG,,,CCTTGT
A/duck/Mongolia/496/2010,AGCAGG,,,CCTTGT
A/duck/Moscow/4661/2011,AGCAGG,,,CCTTGTTTCTACT
A/duck/Mongolia/103/2011,AGCAGG,,,CCTTGT
A/duck/Mongolia/922/2018,AGCAGG,,,C
A/duck/Mongolia/314/2018,AGCAGG,,,CC
A/duck/Mongolia/675/2015,AGCAGG,,,C
A/duck/Mongolia/398/2018,AGCAGG,,,CCT
A/duck/Mongolia/961/2019,AGCAGG,,,CCTT
A/duck/Mongolia/20/2015,AGCAGG,,,CCTTG
A/duck/Mongolia/210/2018,AGCAGG,,,CCT
A/duck/Mongolia/30/2015,AGCAGG,,,CCTTGTTTCTACT
A/duck/Mongolia/208/2015,AGCAGG,,,CCTAGTTTTT
A/common_teal/Netherlands/7/2000,AGCAGG,,,CCTTGTTTCTACT
A/common_teal/Sweden/1/2003,AGCAGG,,,CCTTGTTT
A/duck/Hokkaido/103/2014,AGCAGG,,,CCTTG
A/duck/Hokkaido/W144/2017,AGCAGG,,,CCT
A/duck/Moscow/5037/2014,AGCAGG,,,
A/duck/Mongolia/685/2010,AGCAGG,,,CCTTGT
A/duck/Mongolia/444/2010,AGCAGG,,,CCTTGT
A/duck/Mongolia/665/2010,AGCAGG,,,CCTTGT
A/swine/Iowa/CD81015/2015,AGCAGG,,,CCTTGTTTCTAC
A/duck/Hokkaido/14/2015,GCAGG,,,CCTTG
A/duck/Hokkaido/13/2015,GCAGG,,,CCTTG
A/duck/Hokkaido/12/2015,GCAGG,,,CCTTG
A/duck/Mongolia/144/2005,GCAGG,,,CCTT
A/duck/Mongolia/120/2011,GCAGG,,,CCTTG
A/duck/Mongolia/723/2018,GCAGG,,,C
A/duck/Mongolia/996/2015,GCAGG,,,C
A/duck/Mongolia/921/2018,GCAGG,,,
A/duck/Mongolia/398/2011,GCAGG,,,C
A/duck/Hokkaido/102/2014,GCAGG,,,C
A/duck/Hokkaido/91/2014,GCAGG,,,CCT
A/duck/Mongolia/575/2018,GCAGG,,,C
A/duck/Hokkaido/W4/2010,GCAGG,,,C
A/duck/Hokkaido/W151/2017,GCAGG,,,C
A/duck/Mongolia/131/2010,GCAGG,,,CCTTG
A/duck/Mongolia/181/2010,GCAGG,,,CCTT
A/duck/Mongolia/27/2011,GCAGG,,,CCTTGT
A/duck/Mongolia/53/2011,GCAGG,,,CCTTGT
A/swine/Mexico/9783350/2013,GCAGG,,,
A/swine/Thailand/CU-PN4_1/2009,GCAGG,,,
A/mallard/Jiangxi/1-4/2010,AGCAAAAGCAGA,,,CCTTGTTTCTACT
A/pigeon/Anhui/08/2013,TTATTCGTCTCAGGGAGCAAAAGCAGG,,,CCTTGTTTCTACTAATACGAGACGATATA
A/Duck/Mongolia/2021-MG09/2021,TCGGTGCAAAAGAGG,,,CCTTGTTTCA
A/duck/Mongolia/620/2018,AGG,,,C
A/duck/Mongolia/914/2018,AAGCAGG,,,CC
A/duck/Mongolia/83/2015,AAGCAGG,,,CC
A/duck/Mongolia/278/2011,AAGCAGG,,,CCTTGT
A/duck/Mongolia/116/2015,AAGCAGG,,,CCTTG
A/duck/Mongolia/572/2015,AAGCAGG,,,CCTTGTT
A/Pink-eared_Duck/Victoria/PD001/2017,AAGCAGG,,,CTTCATTTTAAAGGGGGAAAATGAACAATACACAGAAACAAAGAACGACAGAAACCAAAGTTAAGTAGGAAAGTGGTCTATTAT
A/Wild_duck/South_Korea/KNU2020-134/2020,TCTTTCAAAAGCAGG,,,CCTTGTTTCTA
A/Spot-billed_duck/South_Korea/KNU2020-105/2020,TACCTGCAAAAGCAGG,,,CCTTGTTTCTA
A/duck/Mongolia/122/2015,GCAAAAGCAGG,,,CCTTGTTT
A/swine/Thailand/CU-CG45/2011,GCAAAAGCAGG,,,
A/swine/Thailand/CU-CG48/2011,GCAAAAGCAGG,,,
A/duck/Mongolia/124/2015,CCAAAGCAGG,,,CCTTGT
A/duck/Nanjing/A1591-1/2010,TCATACAAAAGAAGG,,,CCTTGTTTCTA
A/Duck/Mongolia/2021-MG12/2021,TATACAAACGAGG,,,CCTTGTTTCTA
A/swine/Spain/13/2010,AGCAAAAAGGCAGGG,,,CA
A/swine/Spain/12/2010,AGCAAAAGCAAGGG,,,
A/swine/Jena/5/1996,GGCAAAAGCAGG,,,
A/swine/Chonburi/2002,AGCAAAATCAGG,,,CCTTGTTTCTACT
A/swine/Hong_Kong/81/1978,AGCATAAGCAGG,,,CCTTGTTTCTACT
A/Wild_Bird/South_Korea/KNU2020-77/2020,,AG,,C
A/Wild_Duck/South_Korea/KNU2020-74/2020,,AG,,C
A/duck/Hokkaido/27/2011,,,A,
A/duck/Hokkaido/49/2007,,,A,
A/mallard/Alberta/117/1997,,,,CCTTGTT
A/American_black_duck/New_Brunswick/19350/2006,,,,CCTTGTTTC
A/herring_gull/Irkutsk/111/2005,,,,CCTTGTTTC
A/ruddy_turnstone/Delaware_Bay/596/2017,,,,CCTTGTTTCTACT
A/equine/Belfond/6-2/2009,,,,CCTTGTTTCTACT
A/canine/Henan/L03/2018,,,,CCTTGTTTCTACT
A/duck/Moscow/3556/2008,,,,CCTTGTTTCTACT
A/duck/Hubei/ZYSYF9/2015,,,,CCTTGTTTCTACT
A/duck/Hubei/ZYSYF2/2015,,,,CCTTGTTTCTACT
A/duck/Hubei/ZYSYF21/2015,,,,CCTTGTTTCTACT
A/duck/Hubei/ZYSYF18/2015,,,,CCTTGTTTCTACT
A/duck/Hubei/ZYSYF12/2015,,,,CCTTGTTTCTACT
A/duck/Hubei/ZYSYF4/2015,,,,CCTTGTTTCTACT
A/swine/Hilter/5143/2006,,,,CCTTGTTTCTACT
A/swine/Quebec/1626561/2014,,,,CCTTGTTTCTACT
A/swine/Minnesota/A01677360/2016,,,,CCTTGTTTCTACT
A/swine/North_Carolina/A01364613/2013,,,,CCTTGTTTCTACT
A/swine/Quebec/P0316/2011,,,,CCTTGTTTCTACT
A/swine/Minnesota/A01676585/2016,,,,CCTTGTTTCTACT
A/swine/Kansas/A01378042/2019,,,,CCTTGTTTCTACT
A/swine/Minnesota/5947/2007,,,,CCTTGTTTCTACT
A/turkey/Ohio/313053/2004,,,,CCTTGTTTCTACT
A/turkey/BC/1529-3/2005,,,,CCTTGTTTCTACT
A/swine/Minnesota/66853/2006,,,,CCTTGTTTCTACT
A/swine/Minnesota/578/2007,,,,CCTTGTTTCTACT
A/swine/Minnesota/1300/2007,,,,CCTTGTTTCTACT
A/swine/Minnesota/65767/2006,,,,CCTTGTTTCTACT
A/swine/North_Carolina/A01076199/2010,,,,CCTTGTTTCTACT
A/swine/Oklahoma/011506/2007,,,,CCTTGTTTCTACT
A/swine/QC/1685-1/2009,,,,CCTTGTTTCTACT
A/swine/QC/1685-5/2009,,,,CCTTGTTTCTACT
A/swine/QC/1698-1/2009,,,,CCTTGTTTCTACT
A/swine/QC/1698-4/2009,,,,CCTTGTTTCTACT
A/swine/QC/1698-5/2009,,,,CCTTGTTTCTACT
A/swine/QC/1840-2/2009,,,,CCTTGTTTCTACT
A/swine/QC/382/2009,,,,CCTTGTTTCTACT
A/swine/QC/440-A/2009,,,,CCTTGTTTCTACT
A/swine/Minnesota/7931/2007,,,,CCTTGTTTCTACT
A/swine/QC/2108-2/2009,,,,CCTTGTTTCTACT
A/quail/QC/FAV-10/2008,,,,CCTTGTTTCTACT
A/swine/Minnesota/66960/2006,,,,CCTTGTTTCTACT
A/swine/Minnesota/A01267989/2012,,,,CCTTGTTTCTACT
A/swine/Indiana/A01260155/2012,,,,CCTTGTTT
A/Anseriformes/Anhui/XZ3/2014,,,,CCTTGTTTCTAC
A/ruddy_turnstone/Delaware_Bay/393/2017,,,,CCTT
A/swine/Italy/1850/1977,,,,CCTT
A/duck/Mongolia/MN18-1/2018,,,,C
A/canine/Singapore/SG_NParks_CIV_M4705/2018,,,,C
A/equine/Jouars/4/2006,,,,CTTGGGTTTCTCCT
A/equine/Neuville-Pres-Sees/1/2011,,,,CCTTGTTTCTACTA
A/mallard/Netherlands/2/1999,,,,CCTTG
A/swan_goose/Jiangxi/H24/2014,,,,CCTTG
A/Anseriformes/Anhui/TT41/2014,,,,CCTTGTTTCTA
A/swine/Kansas/015252/2009,,,,CCTTGTTTCTA
A/Anseriformes/Anhui/XZ4/2014,,,,CCTTGTTTCTACCA
A/Anseriformes/Anhui/XZ1/2014,,,,CCTTGTTTCTACAA
A/Swine/Hong_Kong/2429/98,,,,CCTTGTTTCA
A/Swine/Hong_Kong/2405/98,,,,CCTTGTTTCA
A/Swine/Hong_Kong/2422/98,,,,CCTTGTTTCA
A/swine/Argentina/CIP051-A160/2011,,,,CCT
A/canine/Thailand/CU-DC5299/2012,,,,CCTGGTTTTC
A/duck/Shanghai/74-1/2009,,,,CCTTGTTCTATGCGAAAAAAAT
A/swine/Hidalgo/HgoDMZC11/2015,,,,CCTTGTTTCTACYCCGCATCAGGT
A/swine/Mexico/04/2019,,,,CCTTGTTTCTACYCCGCATCAGGT
A/wild_chicken/Anhui/F70/2015,,,,CCTTGTTTCTACA
A/swine/Zambia/51/2018,,,,CAAGGACTCCA
A/swine/Guangdong/Z5/2003,,,,GTGAA
