strain,insertion: 54bp @ ref pos 0,insertion: 1bp @ ref pos 32,insertion: 1bp @ ref pos 51,insertion: 1bp @ ref pos 854,insertion: 1bp @ ref pos 1481,insertion: 1bp @ ref pos 1502,insertion: 1bp @ ref pos 1516,insertion: 4bp @ ref pos 1528,insertion: 1bp @ ref pos 1529,insertion: 1bp @ ref pos 1534,insertion: 1bp @ ref pos 1535,insertion: 31bp @ ref pos 1537
A/mallard/Minnesota/290/1999,GTA,,,,,,,,,,,
A/mallard/Minnesota/68/1999,GTA,,,,,,,,,,,
A/mallard/Minnesota/199036/1999,GTA,,,,,,,,,,,
A/mallard/MN/515/2000,GTA,,,,,,,,,,,
A/ruddy_turnstone/New_Jersey/1321419/2005,GTA,,,,,,,,,,,
A/ruddy_turnstone/New_Jersey/1321414/2005,GTA,,,,,,,,,,,
A/American_green-winged_teal/Interior_Alaska/11BM03661/2011,GTA,,,,,,,,,,,
A/American_green-winged_teal/Interior_Alaska/11ML00038/2011,GTA,,,,,,,,,,,
A/northern_pintail/Interior_Alaska/11ML00065/2011,GTA,,,,,,,,,,,
A/northern_shoveler/Interior_Alaska/11BM03861/2011,GTA,,,,,,,,,,,
A/blue-winged_teal/Texas/AI13-4289/2013,GTA,,,,,,,,A,,,
A/blue-winged_teal/Texas/AI13-4012/2013,GTA,,,,,,,,A,,,
A/blue-winged_teal/Texas/AI13-3636/2013,GTA,,,,,,,,A,,,
A/blue-winged_teal/Texas/AI13-3971/2013,GTA,,,,,,,,A,,,
A/blue-winged_teal/Texas/AI13-3629/2013,GTA,,,,,,,,A,,,
A/blue-winged_teal/Texas/AI11-4830/2011,GTA,,,,,,,,,,,
A/Glaucous-Winged_Gull/Southcentral_Alaska/17MB02917/2017,GTA,,,,,,,,,,,
A/American_Black_Duck/Maine/A00090256/2007,GTA,,,,,,,,,,,
A/mallard/Wisconsin/2163/1984,GTA,,,,,,,,,,,
A/blue-winged_teal/Wisconsin/634/1983,GTA,,,,,,,,,,,
A/duck/Wisconsin/2843/1985,GTA,,,,,,,,,,,
A/mallard/Saskatchewan/14/1982,GTA,,,,,,,,,,,
A/widgeon/Saskatchewan/33/1982,GTA,,,,,,,,,,,
A/blue-winged_teal/Wisconsin/124/1980,GTA,,,,,,,,,,,
A/mallard/Wisconsin/260/1980,GTA,,,,,,,,,,,
A/blue-winged_teal/Wisconsin/123/1978,GTA,,,,,,,,,,,
A/blue-winged_teal/Wisconsin/172/1978,GTA,,,,,,,,,,,
A/mallard/Wisconsin/168/1979,GTA,,,,,,,,,,,
A/mallard/Wisconsin/1784/1983,GTA,,,,,,,,,,,
A/mallard/Wisconsin/1746/1983,GTA,,,,,,,,,,,
A/mallard/Wisconsin/1793/1983,GTA,,,,,,,,,,,
A/mallard/Wisconsin/1729/1983,GTA,,,,,,,,,,,
A/mallard/Wisconsin/1781/1983,GTA,,,,,,,,,,,
A/mallard/Wisconsin/1804/1983,GTA,,,,,,,,,,,
A/mallard/Wisconsin/1727/1983,GTA,,,,,,,,,,,
A/green-winged_teal/Wisconsin/539/1976,GTA,,,,,,,,,,,
A/blue-winged_teal/Wisconsin/314/1976,GTA,,,,,,,,,,,
A/mallard/Wisconsin/316/1975,GTA,,,,,,,,,,,
A/mallard/Wisconsin/55/1975,GTA,,,,,,,,,,,
A/mallard/Wisconsin/20/1975,GTA,,,,,,,,,,,
A/mallard/Wisconsin/53/1975,GTA,,,,,,,,,,,
A/mallard/Wisconsin/25/1975,GTA,,,,,,,,,,,
A/mallard/Wisconsin/19/1975,GTA,,,,,,,,,,,
A/mallard/Wisconsin/17/1975,GTA,,,,,,,,,,,
A/mallard/Wisconsin/52/1975,GTA,,,,,,,,,,,
A/mallard/Wisconsin/73/1976,GTA,,,,,,,,,,,
A/duck/Minnesota/53/1974,GTA,,,,,,,,,,,
A/duck/Minnesota/54/1974,GTA,,,,,,,,,,,
A/duck/Minnesota/56/1974,GTA,,,,,,,,,,,
A/mallard/Wisconsin/316/1976,GTA,,,,,,,,,,,
A/mallard/Wisconsin/317/1976,GTA,,,,,,,,,,,
A/mallard/Wisconsin/383/1976,GTA,,,,,,,,,,,
A/pintail/Wisconsin/424/1976,GTA,,,,,,,,,,,
A/duck/Wisconsin/1152/1978,GTA,,,,,,,,,,,
A/duck/Wisconsin/1155/1978,GTA,,,,,,,,,,,
A/duck/Wisconsin/1156/1978,GTA,,,,,,,,,,,
A/duck/Wisconsin/1168/1978,GTA,,,,,,,,,,,
A/duck/Wisconsin/1175/1978,GTA,,,,,,,,,,,
A/duck/Wisconsin/1179/1978,GTA,,,,,,,,,,,
A/duck/Wisconsin/1150/1978,GTA,,,,,,,,,,,
A/duck/Wisconsin/1151/1978,GTA,,,,,,,,,,,
A/mallard/Wisconsin/426/1976,GTA,,,,,,,,,,,
A/duck/Minnesota/34/1976,GTA,,,,,,,,,,,
A/widgeon/Wisconsin/638/1983,GTA,,,,,,,,,,,
A/mallard/Wisconsin/283/1976,GTA,,,,,,,,,,,
A/mallard/Wisconsin/471/1976,GTA,,,,,,,,,,,
A/mallard/Wisconsin/411/1977,GTA,,,,,,,,,,,
A/widgeon/Wisconsin/541/1976,GTA,,,,,,,,,,,
A/blue-winged_teal/Alberta/221/1978,GTA,,,,,,,,,,,
A/green-winged_teal/Wisconsin/282/1978,GTA,,,,,,,,,,,
A/mallard/Wisconsin/2272/1984,GTA,,,,,,,,,,,
A/mallard/Wisconsin/2263/1984,GTA,,,,,,,,,,,
A/mallard/Wisconsin/2215/1984,GTA,,,,,,,,,,,
A/mallard/Wisconsin/2221/1984,GTA,,,,,,,,,,,
A/mallard/Wisconsin/2211/1984,GTA,,,,,,,,,,,
A/green-winged_teal/Wisconsin/496/1983,GTA,,,,,,,,,,,
A/mallard/Wisconsin/408/1983,GTA,,,,,,,,,,,
A/duck/Wisconsin/2810/1985,GTA,,,,,,,,,,,
A/duck/Wisconsin/2791/1985,GTA,,,,,,,,,,,
A/mallard/Wisconsin/29/1979,GTA,,,,,,,,,,,
A/mallard/Wisconsin/31/1979,GTA,,,,,,,,,,,
A/mallard/Wisconsin/213/1979,GTA,,,,,,,,,,,
A/blue-winged_teal/Wisconsin/89/1979,GTA,,,,,,,,,,,
A/mallard/Wisconsin/155/1980,GTA,,,,,,,,,,,
A/wood_duck/Wisconsin/158/1980,GTA,,,,,,,,,,,
A/blue-winged_teal/Wisconsin/156/1980,GTA,,,,,,,,,,,
A/blue-winged_teal/Wisconsin/109/1980,GTA,,,,,,,,,,,
A/mallard/Wisconsin/2083/1984,GTA,,,,,,,,,,,
A/mallard/Wisconsin/2084/1984,GTA,,,,,,,,,,,
A/mallard/Wisconsin/2087/1984,GTA,,,,,,,,,,,
A/mallard/Wisconsin/2117/1984,GTA,,,,,,,,,,,
A/mallard/Wisconsin/2090/1984,GTA,,,,,,,,,,,
A/mallard/Wisconsin/483/1983,GTA,,,,,,,,,,,
A/pintail/Wisconsin/579/1983,GTA,,,,,,,,,,,
A/mallard/Wisconsin/72/1979,GTA,,,,,,,,,A,,
A/mallard/Wisconsin/856/1982,GTA,,,,,,,,,,,
A/shoveler/Saskatchewan/3/1982,GTA,,,,,,,,,,,
A/mallard/Saskatchewan/1/1982,GTA,,,,,,,,,,,
A/mallard/Alberta/72/1994,GTA,,,,,,,,,,,
A/mallard/Wisconsin/603/1983,GTA,,,,,,,,,,,
A/mallard/Wisconsin/144/1979,GTA,,,,,,,,,,,
A/mallard/Wisconsin/1636/1983,GTA,,,,,,,,,,,
A/mallard/Wisconsin/85/1977,GTA,,,,,,,,,,,
A/green-winged_teal/Wisconsin/7/1974,GTA,,,,,,,,,,,
A/blue-winged_teal/Saskatchewan/75/1982,GTA,,,,,,,,,,,
A/mallard/Alberta/32/1991,GTA,,,,,,,,,A,,
A/widgeon/Saskatchewan/10/1982,GTA,,,,,,,,,,,
A/green-winged_teal/Ohio/466/1987,GTA,,,,,,,,,,,
A/mallard/Wisconsin/409/1981,GTA,,,,,,,,,,,
A/mallard/Wisconsin/31/1975,GTA,,,,,,,,,,,
A/duck/Minnesota/36/1975,GTA,,,,,,,,,,,
A/mallard/Wisconsin/82/1976,GTA,,,,,,,,,,,
A/duck/Minnesota/3/1975,GTA,,,,,,,,,,,
A/duck/Minnesota/12/1975,GTA,,,,,,,,,,,
A/seal/Massachusetts/3911/1992,GTA,,,,,,,,,,,
A/mallard/Wisconsin/827/1982,GTA,,,,,,,,,,,
A/mallard/Wisconsin/847/1982,GTA,,,,,,,,,,,
A/mallard/Wisconsin/865/1982,GTA,,,,,,,,,,,
A/mallard/Wisconsin/890/1982,GTA,,,,,,,,,,,
A/mallard/Wisconsin/834/1982,GTA,,,,,,,,,,,
A/mallard/Wisconsin/908/1982,GTA,,,,,,,,,,,
A/mallard/Wisconsin/18/1977,GTA,,,,,,,,,,,
A/mallard/Interior_Alaska/10BM09896R0/2010,GTA,,,,,,,,,,,
A/mallard/Interior_Alaska/10BM09893R0/2010,GTA,,,,,,,,,,,
A/American_green-winged_teal/Interior_Alaska/10BM04207R0/2010,GTA,,,,,,,,,,,
A/mallard/Interior_Alaska/10BM05900R0/2010,GTA,,,,,,,,,,,
A/Mallard_duck/Alberta/343/2019,GTA,,,,,,,,,,,
A/Mallard_duck/Alberta/331/2019,GTA,,,,,,,,,,,
A/Mallard_duck/Alberta/347/2019,GTA,,,,,,,,,,,
A/mallard/Illinois/10OS2677/2010,GTA,,,,,,,,,,,
A/mallard/Interior_Alaska/12ML00098/2012,GTA,,,,,,,,,,,
A/mallard/Interior_Alaska/10BM06828R0/2010,GTA,,,,,,,,,,,
A/northern_pintail/Interior_Alaska/10BM06872R0/2010,GTA,,,,,,,,,,,
A/mallard/Minnesota/Sg-00061/2007,GTA,,,,,,,,,,,
A/mallard/Maryland/07OS882/2007,GTA,,,,,,,,,,,
A/ruddy_turnstone/Delaware/Sg-00469/2008,GTA,,,,,,,,,,,
A/mallard/Maryland/09OS1350/2009,GTA,,,,,,,,,,,
A/mallard/Maryland/09OS1351/2009,GTA,,,,,,,,,,,
A/ruddy_turnstone/Delaware_Bay/429/2018,GTA,,,,,,,,,,,
A/semipalmated_sandpiper/Delaware_Bay/568/2018,GTA,,,,,,,,,,,
A/ruddy_turnstone/Delaware_Bay/321/2018,GTA,,,,,,,,,,,
A/semipalmated_sandpiper/Delaware_Bay/556/2018,GTA,,,,,,,,,,,
A/semipalmated_sandpiper/Delaware_Bay/572/2018,GTA,,,,,,,,,,,
A/ruddy_turnstone/Delaware_Bay/238/2018,GTA,,,,,,,,,,,
A/Mallard_duck/Alberta/471/2019,GTA,,,,,,,,,,,
A/ruddy_turnstone/New_Jersey/UGAI16-1296/2016,GTA,,,,,,,,,,,
A/blue-winged_teal/Texas/AI13-4087/2013,GTA,,,,,,,,,,,
A/blue-winged_teal/Texas/AI12-4448/2012,GTA,,,,,,,,,,,
A/ruddy_turnstone/New_Jersey/UGAI14-1837/2014,GTA,,,,,,,,,,,
A/ruddy_turnstone/New_Jersey/UGAI14-1840/2014,GTA,,,,,,,,,,,
A/ruddy_turnstone/New_Jersey/UGAI14-1868/2014,GTA,,,,,,,,,,,
A/mallard/Maryland/10OS1953/2010,GTA,,,,,,,,,,,
A/mallard/Maryland/10OS1934/2010,GTA,,,,,,,,,,,
A/mallard/Maryland/10OS1907/2010,GTA,,,,,,,,,,,
A/mallard/Maryland/10OS1087/2010,GTA,,,,,,,,,,,
A/mallard/Maryland/10OS1094/2010,GTA,,,,,,,,,,,
A/mallard/Maryland/14OS1430/2014,GTA,,,,,,,,,,,
A/mallard/Maryland/14OS1431/2014,GTA,,,,,,,,,,,
A/mallard/Maryland/14OS1438/2014,GTA,,,,,,,,,,,
A/mallard/Maryland/14OS1446/2014,GTA,,,,,,,,,,,
A/mallard/Maryland/14OS1447/2014,GTA,,,,,,,,,,,
A/mallard/Ohio/14OS0770/2014,GTA,,,,,,,,,,,
A/blue-winged_teal/Texas/AI11-3387/2011,GTA,,,,,,,,,,,
A/blue-winged_teal/Missouri/17OS3164/2017,GTA,,,,,,,,,,,
A/mallard/Southcentral_Alaska/12ML01011/2014,GTA,,,,,,,,,,,
A/mallard/Idaho/UGAI16-1942/2016,GTA,,,,,,,,,,,
A/mallard/Idaho/UGAI16-1943/2016,GTA,,,,,,,,,,,
A/mallard/Idaho/UGAI16-1948/2016,GTA,,,,,,,,,,,
A/mallard/Idaho/UGAI16-1952/2016,GTA,,,,,,,,,,,
A/green-winged_teal/Texas/AI11-4019/2011,GTA,,,,,,,,,,,
A/blue_winged-teal/Wisconsin/12OS4239/2012,GTA,,,,,,,,,,,
A/ruddy_turnstone/New_Jersey/UGAI17-2983/2017,GTA,,,,,,,,,,,
A/ruddy_turnstone/New_Jersey/UGAI17-2786/2017,GTA,,,,,,,,,,,
A/Blue-Winged_Teal/Alberta/1/2020,GTA,,,,,,,,,,,
A/Mallard_duck/Alberta/147/2019,GTA,,,,,,,,,,,
A/ruddy_turnstone/New_Jersey/UGAI17-2773/2017,GTA,,,,,,,,,,,
A/ruddy_turnstone/New_Jersey/UGAI17-2936/2017,GTA,,,,,,,,A,,,
A/ruddy_turnstone/New_Jersey/UGAI17-2912/2017,GTA,,,,,,,,A,,,
A/ruddy_turnstone/New_Jersey/UGAI17-2784/2017,GTA,,,,,,,,A,,,
A/laughing_gull/New_Jersey/UGAI17-2420/2017,GTA,,,,,,,,A,,,
A/ruddy_turnstone/New_Jersey/UGAI17-2777/2017,GTA,,,,,,,,A,,,
A/mallard/California/2762/2012,GTA,,,,,,,,,,,
A/mallard/California/2743/2012,GTA,,,,,,,,,,,
A/mallard/California/2924/2012,GTA,,,,,,,,,,,
A/mallard/California/2752/2012,GTA,,,,,,,,,,,
A/mallard/California/2783/2012,GTA,,,,,,,,,,,
A/mallard/California/3072/2012,GTA,,,,,,,,,,,
A/mallard/California/3304/2012,GTA,,,,,,,,,,,
A/mallard/California/3112/2012,GTA,,,,,,,,,,,
A/northern_pintail/Interior_Alaska/9BM9447R0/2009,GTA,,,,,,,,,,,
A/northern_shoveler/Interior_Alaska/7MP1670/2007,GTA,,,,,,,,,,,
A/pintail/Minnesota/479/1999,GTA,,,,,,,,,,,
A/mallard/MN/99/2000,GTA,,,,,,,,,,,
A/mallard/Minnesota/346242/2000,GTA,,,,,,,,,,,
A/ruddy_turnstone/New_Jersey/1321421/2005,GTA,,,,,,,,,,,
A/ruddy_turnstone/New_Jersey/1321403/2005,GTA,,,,,,,,,,,
A/ruddy_turnstone/New_Jersey/1321402/2005,GTA,,,,,,,,,,,
A/mallard/Southcentral_Alaska/12ML00986_AAF1/2014,GTA,,,,,,,,,,,
A/mallard/Southcentral_Alaska/12ML00997_AAF1/2014,GTA,,,,,,,,,,,
A/mallard/Southcentral_Alaska/12ML01001_AAF1/2014,GTA,,,,,,,,,,,
A/mallard/Southcentral_Alaska/12ML00982/2014,GTA,,,,,,,,,,,
A/mallard/Southcentral_Alaska/12ML00993/2014,GTA,,,,,,,,,,,
A/mallard/Southcentral_Alaska/12ML01012/2014,GTA,,,,,,,,,,,
A/mallard/Southcentral_Alaska/12ML00974/2014,GTA,,,,,,,,,,,
A/mallard/Maryland/12OS1536/2012,GTA,,,,,,,,,,,
A/mallard/Maryland/12OS1511/2012,GTA,,,,,,,,,,,
A/mallard/Maryland/12OS1518/2012,GTA,,,,,,,,,,,
A/mallard/Maryland/12OS1538/2012,GTA,,,,,,,,,,,
A/mallard/Maryland/12OS1526/2012,GTA,,,,,,,,,,,
A/mallard/Maryland/12OS1520/2012,GTA,,,,,,,,,,,
A/blue-winged_teal/Illinois/12OS2929/2012,GTA,,,,,,,,,,,
A/blue-winged_teal/Texas/AI12-3834/2012,GTA,,,,,,,,,,,
A/blue-winged_teal/Illinois/12OS2986/2012,GTA,,,,,,,,,,,
A/blue-winged_teal/Ohio/12OS2229/2012,GTA,,,,,,,,,,,
A/blue-winged_teal/Ohio/12OS2123/2012,GTA,,,,,,,,,,,
A/blue-winged_teal/Ohio/12OS2154/2012,GTA,,,,,,,,,,,
A/cinnamon_teal/Idaho/UGAI16-1907/2016,GTA,,,,,,,,,,,
A/cinnamon_teal/Idaho/UGAI16-1852/2016,GTA,,,,,,,,,,,
A/green-winged_teal/New_Brunswick/02590/2007,GTA,,,,,,,,,,,
A/green-winged_teal/New_Brunswick/02591/2007,GTA,,,,,,,,,,,
A/green-winged_teal/New_Brunswick/02596/2007,GTA,,,,,,,,,,,
A/green-winged_teal/New_Brunswick/02595/2007,GTA,,,,,,,,,,,
A/green-winged_teal/New_Brunswick/02587/2007,GTA,,,,,,,,,,,
A/green-winged_teal/New_Brunswick/02593/2007,GTA,,,,,,,,,,,
A/ring-necked_duck/New_Brunswick/03400/2009,GTA,,,,,,,,,,,
A/green-winged_teal/New_Brunswick/03483/2009,GTA,,,,,,,,,,,
A/northern_pintail/New_Brunswick/03547/2009,GTA,,,,,,,,,,,
A/black_scoter/New_Brunswick/00002/2009,GTA,,,,,,,,,,,
A/ring-necked_duck/Nova_Scotia/03378/2009,GTA,,,,,,,,,,,
A/hooded_merganser/New_Brunswick/03749/2009,GTA,,,,,,,,,,,
A/northern_pintail/Interior_Alaska/10BM06704R0/2010,GTA,,,,,,,,,,,
A/mallard/Minnesota/182749/1998,GTA,,,,,,,,,,,
A/shorebird/Delaware_Bay/189/1999,GTA,,,,,,,,A,,,
A/shorebird/Delaware_Bay/200/1999,GTA,,,,,,,,A,,,
A/shorebird/Delaware_Bay/206/1999,GTA,,,,,,,,A,,,
A/shorebird/Delaware_Bay/215/1999,GTA,,,,,,,,A,,,
A/shorebird/Delaware_Bay/280/1999,GTA,,,,,,,,A,,,
A/shorebird/Delaware_Bay/210/1999,GTA,,,,,,,,A,,,
A/shorebird/Delaware_Bay/212/1999,GTA,,,,,,,,A,,,
A/mallard/MN/330/1999,GTA,,,,,,,,,,,
A/mallard/MN/351/1999,GTA,,,,,,,,,,,
A/mallard/Minnesota/199106/1999,GTA,,,,,,,,,,,
A/Steller's_eider/Alaska/44354-353/2007,GTA,,,,,,,,,,,
A/blue-winged_teal/North_Dakota/Sg-00759/2008,GTA,,,,,,,,,,,
A/northern_shoveler/California/HKWF1046C/2007,GTA,,,,,,,,,,,
A/mallard/California/6471/2008,GTA,,,,,,,,,,,
A/northern_pintail/Interior_Alaska/10BM00849R2/2010,GTA,,,,,,,,,,,
A/northern_pintail/Interior_Alaska/9BM8502R0/2009,GTA,,,,,,,,,,,
A/northern_pintail/Interior_Alaska/9BM11325R0/2009,GTA,,,,,,,,,,,
A/blue-winged_teal/Texas/AI10-3766/2010,GTA,,,,,,,,,,,
A/blue-winged_teal/Texas/AI10-4203/2010,GTA,,,,,,,,,,,
A/blue-winged_teal/Iowa/10OS2411/2010,GTA,,,,,,,,,,,
A/blue-winged_teal/Missouri/10MO021/2010,GTA,,,,,,,,,,,
A/mallard/Wisconsin/2549/2009,GTA,,,,,,,,,,,
A/mallard/Michigan/10OS1497/2010,GTA,,,,,,,,,,,
A/mallard/Ohio/10OS1470/2010,GTA,,,,,,,,,,,
A/mallard/Ohio/10OS1469/2010,GTA,,,,,,,,,,,
A/mallard/Ohio/10OS1467/2010,GTA,,,,,,,,,,,
A/blue-winged_teal/Ohio/14OS1080/2014,GTA,,,,,,,,,,,
A/mallard/Ohio/14OS0550/2014,GTA,,,,,,,,,,,
A/mallard/Ohio/14OS0468/2014,GTA,,,,,,,,,,,
A/mallard/Ohio/14OS0554/2014,GTA,,,,,,,,,,,
A/mallard/Ohio/14OS0961/2014,GTA,,,,,,,,,,,
A/mallard/Ohio/14OS0985/2014,GTA,,,,,,,,,,,
A/mallard/Ohio/14OS0999/2014,GTA,,,,,,,,,,,
A/mallard/Ohio/14OS0569/2014,GTA,,,,,,,,,,,
A/mallard/Ohio/14OS0470/2014,GTA,,,,,,,,,,,
A/mallard/Ohio/14OS0589/2014,GTA,,,,,,,,,,,
A/mallard/Alberta/363/2018,GTA,,,,,,,,,,,
A/Mallard_duck/Alberta/358/2019,GTA,,,,,,,,,,,
A/American_green-winged_teal/Interior_Alaska/11BM03897/2011,GTA,,,,,,,,,,,
A/mallard/Alberta/551/2009,GTA,,,,,,,,,,,
A/ruddy_turnstone/Delaware_Bay/347/2018,GTA,,,,,,,,,,,
A/ruddy_turnstone/Delaware_Bay/265/2018,GTA,,,,,,,,,,,
A/ruddy_turnstone/Delaware_Bay/354/2018,GTA,,,,,,,,,,,
A/ruddy_turnstone/Delaware_Bay/633/2018,GTA,,,,,,,,,,,
A/mallard/Wisconsin/11OS4081/2011,GTA,,,,,,,,,,,
A/mallard/Minnesota/280/1999,GTA,,,,,,,,,,,
A/guinea_fowl/NJ/8848-18/1998,GTA,,,,,,,,,,,
A/blue-winged_teal/New_Brunswick/03757/2009,GTA,,,,,,,,,,,
A/mallard/Maryland/09OS1403/2009,GTA,,,,,,,,,,,
A/mallard/New_Jersey/AI09-5121/2009,GTA,,,,,,,,,,,
A/mallard/New_Jersey/Sg-00892/2008,GTA,,,,,,,,,,,
A/mallard/Wisconsin/11OS3092/2011,GTA,,,,,,,,,,,
A/mallard/Wisconsin/11OS3106/2011,GTA,,,,,,,,,,,
A/mallard/Iowa/10OS2492/2010,GTA,,,,,,,,,,,
A/mallard/Wisconsin/10OS2909/2010,GTA,,,,,,,,,,,
A/mallard/Wisconsin/10OS2900/2010,GTA,,,,,,,,,,,
A/gadwall/Iowa/10OS2753/2010,GTA,,,,,,,,,,,
A/blue-winged_Teal/North_Dakota/AI09-4039/2009,GTA,,,,,,,,,,,
A/blue-winged_teal/Alberta/376/2007,GTA,,,T,,,,,,,,
A/mallard/New_Brunswick/04392/2007,GTA,,,,,,,,,,,
A/ruddy_turnstone/New_Jersey/1321413/2005,GTA,,,,,,,,,,,
A/mallard/Maryland/05OS1508/2005,GTA,,,,,,,,,,,
A/mallard/Maryland/05OS1403/2005,GTA,,,,,,,,,,,
A/mallard/Maryland/1127/2005,GTA,,,,,,,,,,,CCTTGTTTCTAC
A/mallard/Wisconsin/415/1981,GTA,,,,,,,,,,,
A/mallard/Wisconsin/420/1981,GTA,,,,,,,,,,,
A/mallard/Wisconsin/421/1981,GTA,,,,,,,,,,,
A/mallard/Wisconsin/414/1981,GTA,,,,,,,,,,,
A/mallard/Wisconsin/414/1977,GTA,,,,,,,,,,,
A/mallard/Wisconsin/162/1977,GTA,,,,,,,,,,,
A/blue-winged_teal/Wisconsin/279/1975,GTA,,,,,,,,,,,
A/mallard/Wisconsin/34/1976,GTA,,,,,,,,,,,
A/mallard/Wisconsin/487/1981,GTA,,,,,,,,,,,
A/mallard/Wisconsin/22/1974,GTA,,,,,,,,,,,
A/semi-palmated_sandpiper/New_Jersey/237/1990,GTA,,,,,,,,,,,
A/duck/Bangladesh/31019/2016,GTA,,,,,,,,,,,
A/duck/Bangladesh/30824/2016,GTA,,,,,,,,,,,
A/duck/Bangladesh/30827/2016,GTA,,,,,,,,,,,
A/duck/Bangladesh/30828/2016,GTA,,,,,,,,,,,
A/duck/Bangladesh/34191/2017,GTA,,,,,,,,,,,
A/duck/Bangladesh/34193/2017,GTA,,,,,,,,,,,
A/duck/Bangladesh/34194/2017,GTA,,,,,,,,,,,
A/duck/Bangladesh/34186/2017,GTA,,,,,,,,,,,
A/duck/Bangladesh/34192/2017,GTA,,,,,,,,,,,
A/mallard/Interior_Alaska/9BM11867R0/2009,GTA,,,,,,,,,,,
A/mallard/Interior_Alaska/9BM11381R0/2009,GTA,,,,,,,,,,,
A/northern_pintail/Interior_Alaska/9BM11787R0/2009,GTA,,,,,,,,,,,
A/northern_pintail/Interior_Alaska/9BM9611R0/2009,GTA,,,,,,,,,,,
A/northern_pintail/Interior_Alaska/9BM11231R0/2009,GTA,,,,,,,,,,,
A/mallard/Interior_Alaska/9BM12388R0/2009,GTA,,,,,,,,,,,
A/northern_pintail/Interior_Alaska/9BM7258R0/2009,GTA,,,,,,,,,,,
A/mallard/Alberta/527/2008,GTA,,,,,,,,,,,
A/duck/Thailand/CU-7519C/2010,GTA,,,,,,,,,,,
A/turkey/England/1969,GTA,,,,,,,,,,,
A/ruddy_turnstone/New_Jersey/260/1990,GTA,,,,,,,,,,,
A/canine/California/BRW002/2018,GTA,,,,,,,,,,,
A/canine/California/BRW003/2018,GTA,,,,,,,,,,,
A/canine/Nevada/BRW015/2018,GTA,,,,,,,,,,,
A/canine/Nevada/BRW018/2018,GTA,,,,,,,,,,,
A/canine/New_Jersey/CRP036/2018,GTA,,,,,,,,,,,
A/canine/New_York/CRP034/2018,GTA,,,,,,,,,,,
A/duck/Western_Australia/4954/1983,GTA,,,,,,,,,,,
A/muscovy_duck/Victoria/9211-18-1400/1992,GTA,,,,,,,,,,,
A/camel/Mongolia/335/2012,GTA,,,,,,,,,,,
A/swine/Saskatchewan/SD0271/2018,GTA,,,,,,,,,,,C
A/swine/British_Columbia/SD0286/2018,GTA,,,,,,,,,,,C
A/swine/Iowa/22TOSU1365/2022,GTA,,,,,,,,,,,
A/swine/Ohio/22TOSU0573/2022,GTA,,,,,,,,,,,
A/swine/Ohio/22TOSU0432/2022,GTA,,,,,,,,,,,
A/swine/Ohio/22TOSU0255/2022,GTA,,,,,,,,,,,
A/swine/Indiana/21TOSU1622/2021,GTA,,,,,,,,,,,
A/swine/Michigan/22TOSU3732/2022,GTA,,,,,,,,,,,
A/swine/Michigan/22TOSU3731/2022,GTA,,,,,,,,,,,
A/swine/Iowa/22TOSU1439/2022,GTA,,,,,,,,,,,
A/swine/Iowa/22TOSU1449/2022,GTA,,,,,,,,,,,
A/swine/Illinois/21TOSU1954/2021,GTA,,,,,,,,,,,
A/swine/Oklahoma/00606/2005,GTA,,,,,,,,,,,
A/swine/Oklahoma/00518/2005,GTA,,,,,,,,,,,
A/swine/Oklahoma/SG1473/2005,GTA,,,,,,,,,,,
A/swine/Manitoba/00446/2005,GTA,,,,,,,,,,,
A/swine/North_Carolina/SG1464/2004,GTA,,,,,,,,,,,
A/swine/Iowa/SG1469/2004,GTA,,,,,,,,,,,
A/turkey/Ohio/313053/2004,GTA,,,,,,,,,,,
A/swine/Manitoba/SG1431/2008,GTA,,,,,,,,,,,
A/swine/Manitoba/SG1432/2008,GTA,,,,,,,,,,,
A/swine/North_Carolina/SG1199/2004,GTA,,,,,,,,,,,
A/swine/Iowa/01700/2007,GTA,,,,,,,,,,,
A/swine/North_Carolina/SG1174/2003,GTA,,,,,,,,,,,
A/swine/Manitoba/02862/2009,GTA,,,,,,,,,,,
A/swine/Minnesota/02782/2009,GTA,,,,,,,,,A,,
A/swine/Arkansas/02863/2009,GTA,,,,,,,,,,,
A/swine/Illinois/01131/2006,GTA,,,,,,,,,,,
A/swine/Minnesota/001332/2006,GTA,,,,,,,,,A,,
A/swine/Minnesota/01862/2007,GTA,,,,,,,,,A,,
A/swine/Georgia/02604/2009,GTA,,,,,,,,,,,
A/swine/Minnesota/00709/2005,GTA,,,,,,,,,A,,
A/swine/Oklahoma/02530/2009,GTA,,,,,,,,,,,
A/swine/Oklahoma/02985/2010,GTA,,,,,,,,,,,
A/swine/Iowa/17TOSU3476/2017,GTA,,,,,,,,,,,
A/swine/Iowa/18TOSU0373/2018,GTA,,,,,,,,,,,
A/swine/Iowa/18Tosu0373/2018,GTA,,,,,,,,,,,
A/swine/Iowa/18Tosu0383/2018,GTA,,,,,,,,,,,
A/swine/Iowa/18Tosu0394/2018,GTA,,,,,,,,,,,
A/swine/Iowa/18Tosu0488/2018,GTA,,,,,,,,,,,
A/swine/North_Carolina/01506/2006,GTA,,,,,,,,,,,
A/swine/North_Carolina/01469/2007,GTA,,,,,,,,,,,
A/swine/North_Carolina/SG1462/2004,GTA,,,,,,,,,,,
A/swine/South_Dakota/SG1453/2003,GTA,,,,,,,,,,,
A/swine/Mexico/SG1444/2011,GTA,,,,,,,,,,,
A/swine/Alberta/SD0038/2014,GTA,,,,,,,,,,,
A/swine/Alberta/SD0186/2016,GTA,,,,,,,,,,,
A/swine/Alberta/SD0231/2017,GTA,,,,,,,,,,,
A/swine/Alberta/SD0261/2017,GTA,,,,,,,,,,,
A/swine/Alberta/SD0183/2016,GTA,,,,,,,,,,,
A/swine/Alberta/SD0049/2014,GTA,,,,,,,,,,,
A/swine/Manitoba/D0304/2013,GTA,,,,,,,,,,,
A/swine/Manitoba/D0368/2013,GTA,,,,,,,,,,,
A/swine/Manitoba/D0218/2013,GTA,,,,,,,,,,,
A/swine/Manitoba/D0184/2012,GTA,,,,,,,,,,,
A/swine/Manitoba/D0227/2013,GTA,,,,,,,,,,,
A/swine/Manitoba/D0241/2013,GTA,,,,,,,,,,,
A/swine/Manitoba/D0360/2014,GTA,,,,,,,,,,,
A/swine/Manitoba/D0375/2015,GTA,,,,,,,,,,,
A/swine/Manitoba/D0370/2015,GTA,,,,,,,,,,,
A/swine/Manitoba/D0256/2013,GTA,,,,,,,,,,,
A/swine/Manitoba/D0452/2016,GTA,,,,,,,,,,,
A/swine/Manitoba/D0177/2012,GTA,,,,,,,,,,,
A/swine/Manitoba/D0449/2016,GTA,,,,,,,,,,,
A/swine/Manitoba/D0260/2013,GTA,,,,,,,,,,,
A/swine/Quebec/DM_25/2017,GTA,,,,,,,,,,,
A/swine/Manitoba/D0525/2018,GTA,,,,,,,,,,,
A/swine/Quebec/DM_33/2017,GTA,,,,,,,,,,,
A/swine/Quebec/DM_20/2017,GTA,,,,,,,,,,,
A/swine/Saskatchewan/SD0258/2017,GTA,,,,,,,,,,,
A/swine/Manitoba/D0472/2016,GTA,,,,,,,,,,,
A/swine/Mexico/SG1449/2011,GTA,,,,,,,,,,,
A/swine/Mexico/SG1442/2010,GTA,,,,,,,,,,,
A/swine/Manitoba/D0320/2014,GTA,,,,,,,,,,,
A/swine/Manitoba/D0283/2013,GTA,,,,,,,,,,,
A/swine/Alberta/SD0214/2017,GTA,,,,,,,,,,,
A/swine/Manitoba/D0092/2012,GTA,,,,,,,,,,,
A/swine/Manitoba/D0089/2012,GTA,,,,,,,,,A,,
A/swine/Manitoba/D0091/2012,GTA,,,,,,,,,A,,
A/swine/Manitoba/D0095/2012,GTA,,,,,,,,,A,,
A/swine/Manitoba/D0097/2012,GTA,,,,,,,,,A,,
A/swine/Manitoba/D0232/2013,GTA,,,,,,,,,A,,
A/swine/Manitoba/D0108/2012,GTA,,,,,,,,,A,,
A/swine/Manitoba/D0102/2012,GTA,,,,,,,,,T,,
A/swine/Manitoba/D0103/2012,GTA,,,,,,,,,T,,
A/swine/Texas/00376/2004,GTA,,,,,,,,,,,
A/swine/Manitoba/D0467/2016,GTA,,,,,,,,,,,
A/swine/Manitoba/D0475/2016,GTA,,,,,,,,,,,
A/swine/Iowa/19TOSU3065/2019,GTA,,,,,,,,,,,C
A/swine/Ohio/22TOSU3721/2022,GTA,,,,,,,,,,,
A/swine/Alberta/SD0208/2016,GTA,,,,,,,,,,,
A/swine/Saskatchewan/SD0300/2018,GTA,,,,,,,,,,,
A/swine/Manitoba/D0490/2017,GTA,,,,,,,,,,,
A/duck/Interior_Alaska/7MP1598/2007,TA,,,,,,,,,,,
A/mallard/Oregon/44221-105/2006,TA,,,,,,,,,,,
A/ruddy_turnstone/Delaware_Bay/286/2018,TA,,,,,,,,,,,
A/ruddy_turnstone/Delaware_Bay/240/2018,TA,,,,,,,,,,,
A/blue-winged_Teal/Alberta/459/2017,TA,,,,,,,,,,,
A/duck/Vietnam/HU1-1501/2014,TA,,,,,,,,,,,
A/duck/Vietnam/HU1-1044/2014,TA,,,,,,,,,,,
A/American_green-winged_teal/Alaska/44419-342/2008,AGCAGGGTA,,,,,,,,,,,
A/greater_white-fronted_goose/Alaska/44299-002/2007,AGCAGGGTA,,,,,,,,,,,
A/Steller's_eider/Alaska/44354-352/2007,AGCAGGGTA,,,,,,,,,,,
A/Steller's_eider/Alaska/44354-376/2007,AGCAGGGTA,,,,,,,,,,,
A/Steller's_eider/Alaska/44354-355/2007,AGCAGGGTA,,,,,,,,,,,
A/Steller's_eider/Alaska/44354-138/2007,AGCAGGGTA,,,,,,,,,,,
A/northern_pintail/Alaska/44500-075/2009,AGCAGGGTA,,,,,,,,,,,
A/mallard/Alaska/44187-131/2006,AGCAGGGTA,,,,,,,,,,,
A/mallard/Alaska/44185-078/2006,AGCAGGGTA,,,,,,,,,,,
A/mallard/Alaska/44187-129/2006,AGCAGGGTA,,,,,,,,,,,
A/duck/Mongolia/487/2011,AGCAGGGTA,,,,,,,,,,,CCTTG
A/duck/Mongolia/129/2015,AGCAGGGTA,,,,,,,,,,,CCTTGTTTCTACT
A/duck/Mongolia/122/2015,AGCAGGGTA,,,,,,,,,,,CCTTGTTTCTACT
A/mallard/Xuyi/14/2015,AGCAGGGTA,,,,,,,,,,,CCTTGTTTCTACT
A/duck/Mongolia/53/2011,AGCAGGGTA,,,,,,,,,,,CCTTG
A/duck/Mongolia/139/2010,AGCAGGGTA,,,,,,,,,,,CCTTG
A/duck/Mongolia/146/2010,AGCAGGGTA,,,,,,,,,,,CCTTG
A/duck/Mongolia/685/2010,AGCAGGGTA,,,,,,,,,,,CCTTG
A/duck/Mongolia/665/2010,AGCAGGGTA,,,,,,,,,,,CCTTG
A/duck/Mongolia/444/2010,AGCAGGGTA,,,,,,,,,,,CCTTG
A/duck/Mongolia/961/2019,AGCAGGGTA,,,,,,,,,,,CCTTG
A/duck/Mongolia/173/2015,AGCAGGGTA,,,,,,,,,,,CCTTG
A/duck/Mongolia/116/2015,AGCAGGGTA,,,,,,,,,,,CCTTG
A/duck/Mongolia/566/2018,AGCAGGGTA,,,,,,,,,,,CC
A/duck/Mongolia/734/2018,AGCAGGGTA,,,,,,,,,,,CCT
A/duck/Mongolia/672/2010,AGCAGGGTA,,,,,,,,,,,CCTTG
A/duck/Mongolia/593/2010,AGCAGGGTA,,,,,,,,,,,CCTTG
A/duck/Mongolia/646/2010,AGCAGGGTA,,,,,,,,,,,CCTTG
A/duck/Mongolia/248/2010,AGCAGGGTA,,,,,,,,,,,CCTTG
A/duck/Mongolia/27/2011,AGCAGGGTA,,,,,,,,,,,CCTTG
A/duck/Mongolia/621/2010,AGCAGGGTA,,,,,,,,,,,CCTTG
A/duck/Mongolia/235/2014,AGCAGGGTA,,,,,,,,,,,CCTTG
A/duck/Mongolia/637/2019,AGCAGGGTA,,,,,,,,,,,CCTTG
A/Gallus_gallus/Belgium/3497_0001/2019,AGCAGGGTA,,,,,,,,,,,
A/mallard/Jiangxi/2-5/2010,AGCAGGGTA,,,,,,,,,,,CCTTGTTTCTACT
A/duck/Hokkaido/91/2014,AGCAGGGTA,,,,,,,,,,,CCTTG
A/duck/Hokkaido/221/2008,AGCAGGGTA,,,,,,,,,,,CCTTG
A/duck/Hokkaido/20/2015,AGCAGGGTA,,,,,,,,,,,CCTTG
A/duck/Hokkaido/17/2015,AGCAGGGTA,,,,,,,,,,,CCTTG
A/spectacled_eider/Alaska/44173-055/2006,AGCAGGGTA,,,,,,,,,,,
A/duck/Mongolia/496/2010,AGCAGGGTA,,,,,,,,,,,CCTTG
A/duck/Mongolia/181/2010,AGCAGGGTA,,,,,,,,,,,CCTTG
A/duck/Mongolia/915/2018,AGCAGGGTA,,,,,,,,,,,C
A/duck/Mongolia/920/2018,AGCAGGGTA,,,,,,,,,,,CCTTG
A/duck/Mongolia/723/2018,AGCAGGGTA,,,,,,,,,,,
A/duck/Mongolia/941/2018,AGCAGGGTA,,,,,,,,,,,CCTTGT
A/duck/Mongolia/916/2018,AGCAGGGTA,,,,,,,,,,,CCTTGT
A/duck/Mongolia/777/2015,AGCAGGGTA,,,,,,,,,,,CCTTGTTTCTA
A/Equus_caballus/Tuv/4/2007,AGCAGGGTA,,,,,,,,,,,CCTTGTTTCTA
A/mallard/California/10985/2008,GCAAAAGCAGGGTA,,,,,,,,,,,
A/mallard/Alberta/328/2017,GCAAAAGCAGGGTA,,,,,,,,,,,CCTTGTTTCTAC
A/mallard/Alberta/81/2017,GCAAAAGCAGGGTA,,,,,,,,,,,CCTTGTTTCTAC
A/common_shelduck/Mongolia/2157/2011,GCAAAAGCAGGGTA,,,,,,,,,,,
A/common_shelduck/Mongolia/2106/2011,GCAAAAGCAGGGTA,,,,,,,,,,,
A/equine/Kentucky/1/1995,GCAAAAGCAGGGTA,,,,,,,,,,,CCTTGTTTCTACT
A/swine/Mexico/9562931/2013,GCAAAAGCAGGGTA,,,,,,,,,,,CCTTGTTTCTACC
A/swine/Mexico/9714185/2013,GCAAAAGCAGGGTA,,,,,,,,,,,CCTTGTTTCTACC
A/swine/Mexico/9741876/2013,GCAAAAGCAGGGTA,,,,,,,,,,,CCTTGTTTCTACC
A/swine/Mexico/9857788/2013,GCAAAAGCAGGGTA,,,,,,,,,,,CCTTGTTTCTACC
A/swine/Mexico/9684432/2013,GCAAAAGCAGGGTA,,,,,,,,,,,CCTTGTTTCTACC
A/swine/Mexico/9634750/2013,GCAAAAGCAGGGTA,,,,,,,,,,,CCTTGTTTCTACC
A/swine/Texas/4199-2/1998,GCAAAAGCAGGGTA,,,,,,,,,,,CCTTGTTTCTACT
A/swine/Mexico/7932475/2010,GCAAAAGCAGGGTA,,,,,,,,,,,CCTTGTTTCTACC
A/green-winged_teal/Ohio/16OS1016/2016,AAAGCAGGGTA,,,,,,,,,,,CCT
A/mallard/Idaho/AH0011423/2015,AAAGCAGGGTA,,,,,,,,,,,
A/mallard/Ohio/17OS1772/2017,AAAGCAGGGTA,,,,,,,,,,,CCTTGTTTCTACT
A/Mallard/Ohio/17OS1691/2017,AAAGCAGGGTA,,,,,,,,,,,CCTTGTTTCTACT
A/mallard/Ohio/17OS1752/2017,AAAGCAGGGTA,,,,,,,,,,,CCTTGTTTCTACT
A/blue-winged_teal/Missouri/17OS3222/2017,AAAGCAGGGTA,,,,,,,,,,,CCTTGTTTCTACT
A/blue-winged_teal/Illinois/17OS2625/2017,AAAGCAGGGTA,,,,,,,,,,,CCTTGTTTCTACT
A/mallard_duck/Ohio/16OS4983/2016,AAAGCAGGGTA,,,,,,,,,,,CCTTGTTTCTACT
A/blue-winged_teal/Alberta/162/2017,AAAGCAGGGTA,,,,,,,,,,,CCTTGTTTCTAC
A/blue-winged_teal/Illinois/16OS1724/2016,AAAGCAGGGTA,,,,,,,,,,,CCTTGTTTCTACT
A/mallard_duck/Ohio/16OS0859/2016,AAAGCAGGGTA,,,,,,,,,,,CCTTGTTTCTACT
A/mallard_duck/Ohio/16OS0862/2016,AAAGCAGGGTA,,,,,,,,,,,CCTTGTTTCTACT
A/green-winged_teal/Ohio/15OS5438/2015,AAAGCAGGGTA,,,,,,,,A,,,CCT
A/blue-winged_teal/Missouri/17OS3211/2017,AAAGCAGGGTA,,,,,,,,,,,CCTTGTTTCTACT
A/blue-winged_teal/Ohio/16OS1027/2016,AAAGCAGGGTA,,,,,,,,,,,CCTTGTTTCTACT
A/blue-winged_teal/Ohio/16OS1061/2016,AAAGCAGGGTA,,,,,,,,,,,CCT
A/gadwall_duck/Wisconsin/16OS4758/2016,AAAGCAGGGTA,,,,,,,,,,,CCTTGTTTCTACT
A/velvet_scoter/Mongolia/969V/2009,AAAGCAGGGTA,,,,,,,,,,,
A/mallard/Ohio/17OS1795/2017,AAAGCAGGGTA,,,,,,,,,,,CCTTGTTTCTACT
A/mallard/Ohio/17OS1804/2017,AAAGCAGGGTA,,,,,,,,,,,CCTTGTTTCTACT
A/mallard/Ohio/17OS1796/2017,AAAGCAGGGTA,,,,,,,,,,,CCTTGTTTCTACT
A/mallard/Ohio/17OS1807/2017,AAAGCAGGGTA,,,,,,,,,,,CCTTGTTTCTACT
A/mallard/Netherlands/5/2001,AAAGCAGGGTA,,,,,,,,,,,CCTTGTT
A/swine/Brabant/1984,AAAGCAGGGTA,,,,,,,,,,,CCTTGTTTCTACT
A/swine/Kansas/A01378045/2019,AAAGCAGGGTA,,,,,,,,,,,CCTTGTTTCTACT
A/harbor_seal/New_Hampshire/M15t72H3/2018,AGCAAAAGCAGGGTA,,,,,,,,,,,CCTTGTTTCTACT
A/harbor_seal/New_Hampshire/ES10B72H3/2019,AGCAAAAGCAGGGTA,,,,,,,,,,,CCTTGTTTCTACT
A/harbor_seal/New_Hampshire/M11t72H3/2018,AGCAAAAGCAGGGTA,,,,,,,,,,,CCTTGTTTCTACT
A/harbor_seal/New_Hampshire/ES10B48H3/2019,AGCAAAAGCAGGGTA,,,,,,,,,,,CCTTGTTTCTACT
A/harbor_seal/New_Hampshire/UCD179629mdck/2017,AGCAAAAGCAGGGTA,,,,,,,,,,,CCTTGTTTCTACT
A/harbor_seal/New_Hampshire/SL06B48H3/2018,AGCAAAAGCAGGGTA,,,,,,,,,,,CCTTGTTTCTACT
A/harbor_seal/New_Hampshire/SL06B72H3/2018,AGCAAAAGCAGGGTA,,,,,,,,,,,CCTTGTTTCTACT
A/mallard/California/M11t72maH3/2018,AGCAAAAGCAGGGTA,,,,,,,,,,,CCTTGTTTCTACT
A/mallard/California/SL06B72maH3/2018,AGCAAAAGCAGGGTA,,,,,,,,,,,CCTTGTTTCTACT
A/mallard/California/SL01B72maH3/2018,AGCAAAAGCAGGGTA,,,,,,,,,,,CCTTGTTTCTACT
A/mallard/California/M15t72maH3/2018,AGCAAAAGCAGGGTA,,,,,,,,,,,CCTTGTTTCTACT
A/pintail_duck/Alberta/169/1980,AGCAAAAGCAGGGTA,,,,,,,,,,,CCTTGTTTCTACT
A/mallard/New_York/6874/1978,AGCAAAAGCAGGGTA,,,,,,,,,,,CCTTGTTTCTACT
A/mallard/Alberta/635/1983,AGCAAAAGCAGGGTA,,,,,,,,,,,CCTTGTTTCTACT
A/Northern_Pintail/Alaska/19TL00162/2019,AGCAAAAGCAGGGTA,,,,,,,,,,,CCTTGTTTCTACT
A/American_Green-Winged_Teal/Alaska/19TL00145/2019,AGCAAAAGCAGGGTA,,,,,,,,,,,CCTTGTTTCTACT
A/Mallard/Ohio/17OS1784/2017,AGCAAAAGCAGGGTA,,,,,,,,,,,CCTTGTTTCTACT
A/Mallard/Ohio/17OS1919/2017,AGCAAAAGCAGGGTA,,,,,,,,,,,CCTTGTTTCTACT
A/Mallard/Ohio/17OS1781/2017,AGCAAAAGCAGGGTA,,,,,,,,,,,CCTTGTTTCTACT
A/Blue-winged_Teal/Wisconsin/AH0099825S.5.A/2016,AGCAAAAGCAGGGTA,,,,,,,,,,,CCTTGTTTCTACT
A/American_Wigeon/Utah/D1615126/2016,AGCAAAAGCAGGGTA,,,,,,,,,,,CCTTGTTTCTACT
A/American_Green-winged_Teal/17OS4133/2017,AGCAAAAGCAGGGTA,,,,,,,,,,,CCTTGTTTCTACT
A/mallard/Ohio/15OS4288/2015,AGCAAAAGCAGGGTA,,,,,,,,A,,,CCTTGTTTCTACT
A/American_green-winged_teal/Ohio/13OS1844/2013,AGCAAAAGCAGGGTA,,,,,,,,,,,CCTTGTTTCTACT
A/Mallard/North_Dakota/AH0050033S.5.A/2015,AGCAAAAGCAGGGTA,,,,,,,,,,,CCTTGTTTCTACT
A/Blue-winged_Teal/Texas/AH0041113S.5.A/2015,AGCAAAAGCAGGGTA,,,,,,,,,,,CCTTGTTTCTAC
A/Mallard/Ohio/18OS4675/2018,AGCAAAAGCAGGGTA,,,,,,,,,,,CCTTGTTTCTAC
A/Northern_shoveler/North_Dakota/AH0004192S.5.A/2015,AGCAAAAGCAGGGTA,,,,,,,,,,,
A/American_green-winged_teal/Ohio/13OS1867/2013,AGCAAAAGCAGGGTA,,,,,,,,,,,CCTTGTTTCTACT
A/American_green-winged_teal/Ohio/13OS1778/2013,AGCAAAAGCAGGGTA,,,,,,,,,,,CCTTGTTTCTACT
A/Mallard/Minnesota/AH0031699S.5.A/2015,AGCAAAAGCAGGGTA,,,,,,,,,,,CCTTGTTTCTACT
A/mallard/Alberta/118/1995,AGCAAAAGCAGGGTA,,,,,,,,,,,CCTTGTTTCTACT
A/duck/Memphis/928/1974,AGCAAAAGCAGGGTA,,,,,,,,,,,CCTTGTTTCTACT
A/duck/Vietnam/QN6586/2020,AGCAAAAGCAGGGTA,,,,,,,,,,,CCTTGTTTCTACT
A/duck/Moscow/5881/2021,AGCAAAAGCAGGGTA,,,,,,,,,,,CCTTGTTTCTACT
A/duck/Mongolia/83/2015,AGCAAAAGCAGGGTA,,,,,,,,,,,CCTTG
A/duck/Vietnam/HN5687/2019,AGCAAAAGCAGGGTA,,,,,,,,,,,CCTTGTTTCTACT
A/duck/Vietnam/HN5685/2019,AGCAAAAGCAGGGTA,,,,,,,,,,,CCTTGTTTCTACT
A/duck/Vietnam/HN5684/2019,AGCAAAAGCAGGGTA,,,,,,,,,,,CCTTGTTTCTACT
A/duck/Vietnam/HN5689/2019,AGCAAAAGCAGGGTA,,,,,,,,,,,CCTTGTTTCTACT
A/duck/Vietnam/HN5003/2018,AGCAAAAGCAGGGTA,,,,,,,,,,,CCTTGTTTCTACT
A/duck/Moscow/5169/2015,AGCAAAAGCAGGGTA,,,,,,,,,,,CCTTGTTTCTACT
A/duck/Moscow/4661/2011,AGCAAAAGCAGGGTA,,,,,,,,,,,CCTTGTTTCTACT
A/duck/Moscow/4494/2011,AGCAAAAGCAGGGTA,,,,,,,,,,,CCTTGTTTCTACT
A/duck/Moscow/4681/2011,AGCAAAAGCAGGGTA,,,,,,,,,,,CCTTGTTTCTACT
A/duck/Moscow/4298/2010,AGCAAAAGCAGGGTA,,,,,,,,,,,CCTTGTTTCTACT
A/duck/Moscow/5171/2015,AGCAAAAGCAGGGTA,,,,,,,,,,,CCTTGTTTCTACT
A/duck/Moscow/5163/2015,AGCAAAAGCAGGGTA,,,,,,,,,,,CCTTGTTTCTACT
A/duck/Moscow/5172/2015,AGCAAAAGCAGGGTA,,,,,,,,,,,CCTTGTTTCTACT
A/duck/Vietnam/HN6479/2020,AGCAAAAGCAGGGTA,,,,,,,,,,,CCTTGTTTCTACT
A/duck/Vietnam/HN5426/2019,AGCAAAAGCAGGGTA,,,,,,,G,,,,CCTTGTTTCTACT
A/duck/Vietnam/HN4911/2018,AGCAAAAGCAGGGTA,,,,,,,G,,,,CCTTGTTTCTACT
A/duck/Nanchang/8-174/2000,AGCAAAAGCAGGGTA,,,,,,,,,,,CCTTGTTTCTACT
A/quail/Nanchang/7-026/2000,AGCAAAAGCAGGGTA,,,,,,,,,,,CCTTGTTTCTACT
A/chicken/Nanchang/7-010/2000,AGCAAAAGCAGGGTA,,,,,,,,,,,CCTTGTTTCTACT
A/pintail/Egypt/MB-D-384C/2015,AGCAAAAGCAGGGTA,,,,,,,,,,,CCTTGTTTCTACT
A/duck/Chernogolovka/5908/2021,AGCAAAAGCAGGGTA,,,,,,,,,,,CCTTGTTTCTACT
A/duck/Chernogolovka/5897/2021,AGCAAAAGCAGGGTA,,,,,,,,,,,CCTTGTTTCTACT
A/Muscovy_duck/Vietnam/HN6220/2020,AGCAAAAGCAGGGTA,,,,,,,,,,,CCTTGTTTCTACT
A/duck/Vietnam/HN6211/2020,AGCAAAAGCAGGGTA,,,,,,,,,,,CCTTGTTTCTACT
A/duck/Vietnam/HN6219/2020,AGCAAAAGCAGGGTA,,,,,,,,,,,CCTTGTTTCTACT
A/duck/Vietnam/HN6212/2020,AGCAAAAGCAGGGTA,,,,,,,,,,,CCTTGTTTCTACT
A/duck/Moscow/4242/2010,AGCAAAAGCAGGGTA,,,,,,,,,,,CCTTGTTTCTACT
A/common_teal/Mongolia/1906/2011,AGCAAAAGCAGGGTA,,,,,,,,,,,
A/duck/Mongolia/124/2015,AGCAAAAGCAGGGTA,,,,,,,,,,,CCTTGTACCT
A/common_shelduck/Mongolia/2185/2011,AGCAAAAGCAGGGTA,,,,,,,,,,,
A/duck/Vietnam/HN5953/2019,AGCAAAAGCAGGGTA,,,,,,,,,,,CCTTGTTTCTACT
A/duck/Vietnam/HN5958/2019,AGCAAAAGCAGGGTA,,,,,,,,,,,CCTTGTTTCTACT
A/duck/Vietnam/HN5956/2019,AGCAAAAGCAGGGTA,,,,,,,,,,,CCTTGTTTCTACT
A/duck/Vietnam/HN5952/2019,AGCAAAAGCAGGGTA,,,,,,,,,,,CCTTGTTTCTACT
A/duck/Vietnam/HN5955/2019,AGCAAAAGCAGGGTA,,,,,,,,,,,CCTTGTTTCTACT
A/duck/Vietnam/HN4931/2018,AGCAAAAGCAGGGTA,,,,,,,,,,,CCTTGTTTCTACT
A/duck/Vietnam/HN4797/2018,AGCAAAAGCAGGGTA,,,,,,,,,,,CCTTGTTTCTACT
A/duck/Vietnam/HN4798/2018,AGCAAAAGCAGGGTA,,,,,,,,,,,CCTTGTTTCTACT
A/duck/Vietnam/HN4792/2018,AGCAAAAGCAGGGTA,,,,,,,,,,,CCTTGTTTCTACT
A/duck/Vietnam/HN4793/2018,AGCAAAAGCAGGGTA,,,,,,,,,,,CCTTGTTTCTACT
A/duck/Vietnam/HN4917/2018,AGCAAAAGCAGGGTA,,,,,,,,,,,CCTTGTTTCTACT
A/Muscovy_duck/Vietnam/HN4910/2018,AGCAAAAGCAGGGTA,,,,,,,,,,,CCTTGTTTCTACT
A/Muscovy_duck/Vietnam/HN4903/2018,AGCAAAAGCAGGGTA,,,,,,,,,,,CCTTGTTTCTACT
A/Muscovy_duck/Vietnam/HN5485/2019,AGCAAAAGCAGGGTA,,,,,,,,,,,CCTTGTTTCTACT
A/Muscovy_duck/Vietnam/HN5482/2019,AGCAAAAGCAGGGTA,,,,,,,,,,,CCTTGTTTCTACT
A/duck/Vietnam/HN5620/2019,AGCAAAAGCAGGGTA,,,,,,,,,,,CCTTGTTTCTACT
A/Muscovy_duck/Vietnam/QN6305/2020,AGCAAAAGCAGGGTA,,,,,,,,,,,CCTTGTTTCTACT
A/Muscovy_duck/Vietnam/QN6297/2020,AGCAAAAGCAGGGTA,,,,,,,,,,,CCTTGTTTCTACT
A/Mallard/Ohio/17OS1798/2017,AGCAAAAGCAGGGTA,,,,,,,,,,,CCTTGTTTCTACT
A/mallard_duck/Netherlands/13/2012,AGCAAAAGCAGGGTA,,,,,,,,,,,CCTTGTTTCTACT
A/mallard/Mongolia/2377/2011,AGCAAAAGCAGGGTA,,,,,,,,,,,
A/duck/Vietnam/HN5001/2018,AGCAAAAGCAGGGTA,,,,,,,,,,,CCTTGTTTCTACT
A/duck/Vietnam/HN6617/2020,AGCAAAAGCAGGGTA,,,,,,,,,,,CCTTGTTTCTACT
A/Muscovy_duck/Vietnam/HN5629/2019,AGCAAAAGCAGGGTA,,,,,,,,,,,CCTTGTTTCTACT
A/duck/Vietnam/HN6425/2020,AGCAAAAGCAGGGTA,,,,,,,,,,,CCTTGTTTCTACT
A/duck/Vietnam/HN5474/2019,AGCAAAAGCAGGGTA,,,,,,,,,,,CCTTGTTTCTACT
A/duck/Buryatia/664-5465/1988,AGCAAAAGCAGGGTA,,,,,,,,,,,
A/swine/Hong_Kong/126/1982,AGCAAAAGCAGGGTA,,,,,,,,,,,CCTTGTTTCTACT
A/equine/Jilin/1/1989,AGCAAAAGCAGGGTA,,,,,,,,,,,CCTTGTTTCTACT
A/common_teal/Netherlands/07/2000,AGCAAAAGCAGGGTA,,,,,,,G,,,,CCTTGTTTCTACT
A/canine/Korea/MV1/2012,AGCAAAAGCAGGGTA,,,,,,,,,,,CCTTGTTTCTACT
A/canine/Guangdong/DY1/2019,AGCAAAAGCAGGGTA,,,,,,,,,,,CCTTGTTTCTACT
A/canine/Korea/DG1/2014,AGCAAAAGCAGGGTA,,,,,,,,,,,
A/swan_goose/Jiangxi/H23/2014,AGCAAAAGCAGGGTA,,,,,,,,,,,CCTTGTTTCTACT
A/duck/China/322D22/2018,AGCAAAAGCAGGGTA,,,,,,,,,,,CCTTGTTTCTACT
A/swine/Spain/45690-11/2019,AGCAAAAGCAGGGTA,,,,,,,,,A,,CCTTGTTTCTACT
A/swine/Spain/45690-12/2019,AGCAAAAGCAGGGTA,,,,,,,,,A,,CCTTGTTTCTACT
A/swine/Spain/45690-10/2018,AGCAAAAGCAGGGTA,,,,,,,,,A,,CCTTGTTTCTACT
A/swine/Spain/46314-2/2020,AGCAAAAGCAGGGTA,,,,,,,,,A,,CCTTGTTTCTACT
A/swine/Vilsbiburg/5735/2006,AGCAAAAGCAGGGTA,,,,,,,,,,,
A/swine/Glandorf/18169/2013,AGCAAAAGCAGGGTA,,,,,,,,,,,CCCTGTTTCTACT
A/swine/Warendorf/18914/2013,AGCAAAAGCAGGGTA,,,,,,,,,,,CCCTGTTTCTACT
A/swine/Warendorf/10669/2009,AGCAAAAGCAGGGTA,,,,,,,,,,,
A/swine/Borken/11902/2010,AGCAAAAGCAGGGTA,,,,,,,,,,,G
A/swine/Coesfeld/14741-1/2012,AGCAAAAGCAGGGTA,,,,,,,,,,,CCTTGTTTCTACT
A/swine/Lohne/17104/2013,AGCAAAAGCAGGGTA,,,,,,,,,,,CCTTGTTTCTACT
A/swine/Steinfurt/17118/2013,AGCAAAAGCAGGGTA,,,,,,,,,,,CCTTGTTTCTACT
A/swine/Nottuln/18090/2013,AGCAAAAGCAGGGTA,,,,,,,,,,,CCTTGTTTCTACT
A/swine/Haren/13906/2011,AGCAAAAGCAGGGTA,,,,,,,,,,,CCTTGTTTCTACT
A/swine/Boesel/14133/2011,AGCAAAAGCAGGGTA,,,,,,,,,,,CCTTGTTTCTACT
A/swine/Sprakensehl/14752/2012,AGCAAAAGCAGGGTA,,,,,,,,,,,CCTTGTTTCTACT
A/swine/Haltern/14710/2012,AGCAAAAGCAGGGTA,,,,,,,,,,,CCTTGTTTCTACT
A/swine/Emsbueren/14771/2012,AGCAAAAGCAGGGTA,,,,,,,,,,,CCTTGTTTCTACT
A/swine/Bad_Wuennenberg/14810/2012,AGCAAAAGCAGGGTA,,,,,,,,,,,CCTTGTTTCTACT
A/swine/Bad_Wuennenberg/14829/2012,AGCAAAAGCAGGGTA,,,,,,,,,,,CCTTGTTTCTACT
A/swine/Molbergen/18109/2013,AGCAAAAGCAGGGTA,,,,,,,,,,,CCTTGTTTCTACT
A/swine/Zweiflingen/20028/2014,AGCAAAAGCAGGGTA,,,,,,,,,,,CCTTGTTTCTACT
A/swine/Boesingen/16789/2012,AGCAAAAGCAGGGTA,,,,,,,,,,,CCTTGTTTCTACT
A/swine/Atteln/14453/2011,AGCAAAAGCAGGGTA,,,,,,,,,,,CCTTGTTTCTACT
A/swine/Steinfurt/14736/2012,AGCAAAAGCAGGGTA,,,,,,,,,,,CCTTGTTTCTACT
A/swine/Melle/17290/2013,AGCAAAAGCAGGGTA,,,,,,,,,,,CCTTGTTTCTACT
A/swine/Nordwalde/18011/2013,AGCAAAAGCAGGGTA,,,,,,,,,,,CCTTGTTTCTACT
A/swine/Nordwalde/18134/2013,AGCAAAAGCAGGGTA,,,,,,,,,,,CCTTGTTTCTACT
A/swine/Nordwalde/18569/2013,AGCAAAAGCAGGGTA,,,,,,,,,,,CCTTGTTTCTACT
A/swine/Herzlake/19959/2014,AGCAAAAGCAGGGTA,,,,,,,,,,,CCTTGTTTCTACT
A/swine/Bunnik/17685/2013,AGCAAAAGCAGGGTA,,,,,,,,,,,CCTTGTTTCTACT
A/swine/Borken/21121/2015,AGCAAAAGCAGGGTA,,,,,,,,,,,CCTTGTTTCTACT
A/swine/Borken/21229/2015,AGCAAAAGCAGGGTA,,,,,,,,,,,CCTTGTTTCTACT
A/swine/Telgte/19839/2014,AGCAAAAGCAGGGTA,,,,,,,,,,,CCTTGTTTCTACT
A/swine/Telgte/19851/2014,AGCAAAAGCAGGGTA,,,,,,,,,,,CCTTGTTTCTACT
A/swine/Telgte/19994/2014,AGCAAAAGCAGGGTA,,,,,,,,,,,CCTTGTTTCTACT
A/swine/Rhede/20749/2014,AGCAAAAGCAGGGTA,,,,,,,,,,,CCTTGTTTCTACT
A/swine/Guenne/21206/2015,AGCAAAAGCAGGGTA,,,,,,,,,,,CCTTGTTTCTACT
A/swine/Roswinkel/18812/2013,AGCAAAAGCAGGGTA,,,,,,,,,,,CCTTGTTTCTACT
A/swine/Ostbevern/6907/2008,AGCAAAAGCAGGGTA,,,,,,,,,,,
A/swine/Georgsdorf/12866/2011,AGCAAAAGCAGGGTA,,,,,,,,,,,CCCTGTTTCTACT
A/swine/Lohne/13611/2011,AGCAAAAGCAGGGTA,,,,,,,,,,,CCTTGTTTCTACT
A/Sus_scrofa/France/59-140441/2014,AGCAAAAGCAGGGTA,,,,,,,,,,,
A/swine/Spain/21350/2015,AGCAAAAGCAGGGTA,,,,,,,,,,,CCTTGTTTCTACT
A/swine/Spain/45690-1/2016,AGCAAAAGCAGGGTA,,,,,,,,,A,,CCTTGTTTCTACT
A/swine/Wielen/21300/2015,AGCAAAAGCAGGGTA,,,,,,,,,A,,CCTTGTTTCTACT
A/swine/Bissendorf/IDT1864/2003,AGCAAAAGCAGGGTA,,,,,,,,,,,
A/swine/Welver/4701/2005,AGCAAAAGCAGGGTA,,,,,,,,,,,CCTTG
A/swine/Nordhuemmling/4917/2006,AGCAAAAGCAGGGTA,,,,,,,,,,,CCTTGTTTCTACT
A/swine/Denmark/14348-9/2003,AGCAAAAGCAGGGTA,,,,,,,,,,,
A/swine/Thailand/CM480/2009,AGCAAAAGCAGGGTA,,,,,,,,,,,
A/shearwater/Australia/405/1978,AGCAAAAGCAGGGTA,,,,,,,,,,,CCTTGTTTCTACT
A/duck/Victoria/1992,AGCAAAAGCAGGGTA,,,,,,,,,,,CCTTGTTTCTACT
A/equine/Kentucky/5/2002,AGCAAAAGCAGGGTA,,,,,,,,,,,CCTTGTTTCTACT
A/equine/Heilongjiang/SS1/2013,AGCAAAAGCAGGGTA,,,,,,,,,,,CCTTGTTTCTACT
A/equine/Chile/EQCL003/2018,AGCAAAAGCAGGGTA,,,,,,,,,,,CCTTGTTTCTACT
A/equine/United_Kingdom/PM089/2019,AGCAAAAGCAGGGTA,,,,,,,,,,,CCTTGTTTCTACT
A/equine/United_Kingdom/PM090/2019,AGCAAAAGCAGGGTA,,,,,,,,,,,CCTTGTTTCTACT
A/equine/United_Kingdom/PM094/2019,AGCAAAAGCAGGGTA,,,,,,,,,,,CCTTGTTTCTACT
A/equine/United_Kingdom/PM083/2019,AGCAAAAGCAGGGTA,,,,,,,,,,,CCTTGTTTCTACT
A/equine/California/CRP419/2019,AGCAAAAGCAGGGTA,,,,,,,,,,,CCTTGTTTCTACT
A/equine/United_Kingdom/PM009/2019,AGCAAAAGCAGGGTA,,,,,,,,,,,CCTTGTTTCTACT
A/equine/United_Kingdom/PM082/2019,AGCAAAAGCAGGGTA,,,,,,,,,,,CCTTGTTTCTACT
A/equine/California/CRP341/2019,AGCAAAAGCAGGGTA,,,,,,,,,,,CCTTGTTTCTACT
A/equine/California/CRP342/2019,AGCAAAAGCAGGGTA,,,,,,,,,,,CCTTGTTTCTACT
A/equine/California/CRP340/2019,AGCAAAAGCAGGGTA,,,,,,,,,,,CCTTGTTTCTACT
A/equine/United_Kingdom/PM008/2019,AGCAAAAGCAGGGTA,,,,,,,,,,,CCTTGTTTCTACT
A/equine/United_Kingdom/PM096/2019,AGCAAAAGCAGGGTA,,,,,,,,,,,CCTTGTTTCTACT
A/equine/North_Carolina/202527/2016,AGCAAAAGCAGGGTA,,,,,,,,,,,CCTTGTTTCTACT
A/equine/United_Kingdom/PM099/2019,AGCAAAAGCAGGGTA,,,,,,,,,,,CCTTGTTTCTACT
A/equine/United_Kingdom/PM080/2019,AGCAAAAGCAGGGTA,,,,,,,,,,,CCTTGTTTCTACT
A/donkey/Nigeria/VRD19_ZM20_T10_19RS459-5/2019,AGCAAAAGCAGGGTA,,,,,,,,,,,CCTTGTTTCTACT
A/equine/Texas/1/2020,AGCAAAAGCAGGGTA,,,,,,,,,,,CCTTGTTTCTACT
A/equine/New_Hampshire/315579/2015,AGCAAAAGCAGGGTA,,,,,,,,,,,CCTTGTTTCTACT
A/equine/New_York/CRP413/2015,AGCAAAAGCAGGGTA,,,,,,,,,,,CCTTGTTTCTACT
A/equine/New_Jersey/93950/2015,AGCAAAAGCAGGGTA,,,,,,,,,,,CCTTGTTTCTACT
A/equine/New_York/036952/2020,AGCAAAAGCAGGGTA,,,,,,,,,,,CCTTGTTTCTACT
A/equine/California/3/2020,AGCAAAAGCAGGGTA,,,,,,,,,,,CCTTGTTTCTACT
A/equine/Iowa/1/2021,AGCAAAAGCAGGGTA,,,,,,,,,,,CCTTGTTTCTACT
A/equine/California/5/2020,AGCAAAAGCAGGGTA,,,,,,,,,,,CCTTGTTTCTACT
A/equine/Ohio/OH21-6023/2021,AGCAAAAGCAGGGTA,,,,,,,,,,,CCTTGTTTCTACT
A/equine/Florida/2/2022,AGCAAAAGCAGGGTA,,,,,,,,,,,CCTTGTTTCTACT
A/equine/Missouri/1/2022,AGCAAAAGCAGGGTA,,,,,,,,,,,CCTTGTTTCTACT
A/equine/New_York/82128/2014,AGCAAAAGCAGGGTA,,,,,,,,,,,CCTTGTTTCTACT
A/equine/Colina/2012,AGCAAAAGCAGGGTA,,,,,,,,,,,CCTTGTTTCTACT
A/equine/Pennsylvania/98683/2011,AGCAAAAGCAGGGTA,,,,,,,,,,,CCTTGTTTCTACT
A/equine/Rhode_Island/1/2021,AGCAAAAGCAGGGTA,,,,,,,,,,,CCTTGTTTCTACT
A/equine/Kyonggi/SA1/2011,AGCAAAAGCAGGGTA,,,,,,,,,,,CCTTGTTTCTACT
A/equine/Kentucky/1/1981,AGCAAAAGCAGGGTA,,,,,,,,,,,CCTTGTTTCTACT
A/equine/Quillota/2/1992,AGCAAAAGCAGGGTA,,,,,,,,,,,CCTTGTTTCTACT
A/equine/Pulawy/P5ECE/2018,AGCAAAAGCAGGGTA,,,,,,,,,,,
A/equine/Pulawy/P2ECE/2005,AGCAAAAGCAGGGTA,,,,,,,,,,,
A/equine/Pulawy/1/2005,AGCAAAAGCAGGGTA,,,,,,,,,,,CC
A/black_skimmer/Chile/C26100/2017,AGCAAAAGCAGGGTA,,,,,,,,,,,CCTTGTTTCTACT
A/black-headed_gull/Chile/C38075/2018,AGCAAAAGCAGGGTA,,,,,,,,,,,CCTTGTTTCTACT
A/red-gartered_coot/Chile/C16030/2016,AGCAAAAGCAGGGTA,,,,,,,,,,,CCTTGTTTCTACT
A/swine/Mexico/AVX35/2012,AGCAAAAGCAGGGTA,,,,,,,,,,,CCTTGTTTCTACT
A/swine/Mexico/AVX38/2012,AGCAAAAGCAGGGTA,,,,,,,,,,,CCTTGTTTCTACT
A/swine/Mexico/AVX20/2012,AGCAAAAGCAGGGTA,,,,,,,,,,,CCTTGTTTCTACT
A/swine/Mexico/AVX19/2012,AGCAAAAGCAGGGTA,,,,,,,,,,,CCTTGTTTCTACT
A/swine/Brazil/365-11-7/2011,AGCAAAAGCAGGGTA,,,,,,,,,,,CCTTGTTTCTAC
A/swine/Rietberg/19732/2014,AGCAAAAGCAGGGTA,,,,,,,,,,,CCTTGTTTCTACT
A/swine/Goldenstedt/20754/2014,AGCAAAAGCAGGGTA,,,,,,,,,,,CCTTGTTTCTACT
A/swine/Friesoythe/21674/2015,AGCAAAAGCAGGGTA,,,,,,,,,,,CCTTGTTTCTACT
A/swine/Friesoythe/21704/2015,AGCAAAAGCAGGGTA,,,,,,,,,,,CCTTGTTTCTACT
A/swine/Heiden/21511/2015,AGCAAAAGCAGGGTA,,,,,,,,,,,CCTTGTTTCTACT
A/swine/Rietberg/22412/2015,AGCAAAAGCAGGGTA,,,,,,,,,,,CCTTGTTTCTACT
A/swine/Mexico/AVX15/2012,AGCAAAAGCAGGGTA,,,,,,,,,,,CCTTGTTTCTACT
A/swine/Brazil/028_15-8/2015,AGCAAAAGCAGGGTA,,,,,,,,,,,CCTTGTTTCTACT
A/swine/Brazil/061_14-2/2014,AGCAAAAGCAGGGTA,,,,,,,,,,,CCTTGTTTCTACT
A/swine/Brazil/068_15/2015,AGCAAAAGCAGGGTA,,,,,,,,,,,CCTTGTTTCTACT
A/swine/Dreierwalde/21715/2015,AGCAAAAGCAGGGTA,,,,,,,,,,,CCTTGTTTCTACT
A/swine/Cloppenburg/22418/2015,AGCAAAAGCAGGGTA,,,,,,,,,,,CCTTGTTTCTACT
A/swine/Los_Andes/VN1401-3086/2017,AGCAAAAGCAGGGTA,,,,,,,,,,,CCTTGTTTCTACT
A/swine/Valparaiso/VN1401-3773/2018,AGCAAAAGCAGGGTA,,,,,,,,,,,CCTTGTTTCTACT
A/swine/Mexico/AVX13/2012,AGCAAAAGCAGGGTA,,,,,,,,,,,CCTTGTTTCTACT
A/swine/Brazil/154_14-1/2014,AGCAAAAGCAGGGTA,,,,,,,,,,,CCTTGTTTCTACT
A/swine/Maule/VN1401-3981/2018,AGCAAAAGCAGGGTA,,,,,,,,,,,CCTTGTTTCTACT
A/swine/Maule/VN1401-3983/2018,AGCAAAAGCAGGGTA,,,,,,,,,,,CCTTGTTTCTACT
A/swine/Maule/VN1401-3982/2018,AGCAAAAGCAGGGTA,,,,,,,,,,,CCTTGTTTCTACT
A/swine/Brazil/043-19/2019,AGCAAAAGCAGGGTA,,,,,,,,,,,CCTTGTTTCTAC
A/swine/Brazil/148-19/2019,AGCAAAAGCAGGGTA,,,,,,,,,,,CCTTGTTTCTACT
A/swine/Missouri/A01840170/2014,AGCAAAAGCAGGGTA,,,,,,,,,,,CCTTGT
A/swine/Nebraska/A01378048/2021,AGCAAAAGCAGGGTA,,,,,,,,,,,CCTTGTTTCTACT
A/swine/Chachoengsao/2002,AGCAAAAGCAGGGTA,,,,,,,,A,A,,CCTTCATTATTCT
A/swine/Chonburi/2002,AGCAAAAGCAGGGTA,,,,,,,,A,A,,CCTTCATTATTCT
A/swine/Hong_Kong/127/1982,AGCAAAAGCAGGGTA,,,,,,,,,,,CCTTGTTTCTACT
A/swine/Henan/1/2010,AGCAAAAGCAGGGTA,,,,,,,,,,,CCTTGTTTCTACTA
A/swine/Guangdong/01/1998,AGCAAAAGCAGGGTA,,,,,,,,,,,CCTTGTTTCTACT
A/swine/Hong_Kong/6/1976,AGCAAAAGCAGGGTA,,,,,,,,,,,CCTTGTTTCTACT
A/mallard/Alberta/586/2017,A,,,,,,,,,,,
A/mallard/New_Brunswick/03482/2009,A,,,,,,,,,,,
A/American_black_duck/Newfoundland/732/2008,A,,,,,,,,,,,
A/duck/Korea/U1-4/2007,A,,,,,,,,,,,
A/swine/Tochigi/14/2013,A,,,,,,,,,,,
A/swine/Manitoba/SD0131/2015,A,,,,,,,,,,,
A/Steller's_eider/Alaska/44354-356/2007,CAGGGTA,,,,,,,,,,,
A/duck/Quang_Ninh/14/2013,CAGGGTA,,,,,,,,,,,
A/duck/Mongolia/921/2018,CAGGGTA,,,,,,,,,,,C
A/Steller's_eider/Alaska/44222-192/2006,GGGTA,,,,,,,,,,,
A/duck/Mongolia/667/2019,GGGTA,,,,,,,,,,,CC
A/chicken/Guangdong/01/2013,GGGTA,,,,,,,,,,,
A/duck/Mongolia/972/2018,GGGTA,,,,,,,,,,,
A/Pink-eared_Duck/Victoria/PD001/2017,AGCACCATTTCTAATAGTGTTCTTGAGTTTATGCAATTCATTATTTAGATAGTA,,,,,,,,,,,
A/duck/Alberta/16/1976,GCAGGGTA,,,,,,,,,,,C
A/duck/Mongolia/200/2015,GCAGGGTA,,,,,,,,,,,CCTTG
A/duck/Mongolia/62/2013,GCAGGGTA,,,,,,,,,,,CCTTG
A/duck/Hokkaido/10/2015,GCAGGGTA,,,,,,,G,,,,CCTTG
A/duck/Mongolia/116/2011,GCAGGGTA,,,,,,,,,,,CCTTG
A/duck/Vietnam/LBM553/2013,GCAGGGTA,,,,,,,,,,,
A/duck/Mongolia/876/2019,GCAGGGTA,,,,,,,,,,,CC
A/duck/Mongolia/405/2011,GCAGGGTA,,,,,,,,,,,CC
A/duck/Mongolia/398/2011,GCAGGGTA,,,,,,,,,,,CC
A/duck/Mongolia/405/2015,GCAGGGTA,,,,,,,,,,,
A/duck/Mongolia/575/2018,GCAGGGTA,,,,,,,,,,,CC
A/duck/Mongolia/131/2010,GCAGGGTA,,,,,,,,,,,AT
A/duck/Mongolia/144/2005,GCAGGGTA,,,,,,,,,,,CCTTG
A/duck/Hokkaido/OBF2/2018,GCAGGGTA,,,,,,,,,,,CCTTGK
A/duck/Hokkaido/103/2014,GCAGGGTA,,,,,,,,,,,CCTTG
A/muscovy_duck/Vietnam/LBM721/2014,GCAGGGTA,,,,,,,,,,,
A/muscovy_duck/Vietnam/LBM348/2013,GCAGGGTA,,,,,,,,,,,
A/muscovy_duck/Vietnam/LBM437/2013,GCAGGGTA,,,,,,,,,,,
A/common_teal/Netherlands/7/2000,GCAGGGTA,,,,,,,G,,,,CCTTGTT
A/Sus_scrofa/France/62-140458/2014,GCAGGGTA,,,,,,,,,A,,CCTTG
A/duck/Mongolia/30/2015,GCAGGGTA,,,,,,,,,,,CCTTG
A/common_shelduck/Mongolia/2076/2011,CAAAAGCAGGGTA,,,,,,,,,,,
A/ruddy_shelduck/Mongolia/963V/2009,CAAAAGCAGGGTA,,,,,,,,,,,
A/mallard/Mongolia/1581/2010,CAAAAGCAGGGTA,,,,,,,,,,,
A/red-crested_pochard/Mongolia/463V/2009,CAAAAGCAGGGTA,,,,,,,,,,,
A/northern_shoveler/Mongolia/957/2009,CAAAAGCAGGGTA,,,,,,,,,,,
A/ruddy_shelduck/Mongolia/882V/2009,CAAAAGCAGGGTA,,,,,,,,,,,
A/ruddy_shelduck/Mongolia/881V/2009,CAAAAGCAGGGTA,,,,,,,,,,,
A/mallard/Mongolia/1551/2010,CAAAAGCAGGGTA,,,,,,,,,,,
A/duck/Assam/DUOR1512100030/2015,AGCAAAAGCAGGGTT,,,,,,,,,,,CCTTGTTTCTACT
A/duck/Assam/DUOR1512100028/2015,AGCAAAAGCAGGGTT,,,,,,,,,,,CCTTGTTTCTACT
A/equine/Hissar/CMVL-HSR4/2008,AGCAAAAGCAGGGTT,,,,,,,,,,,
A/swine/Shandong/3/2005,AGCAAAAGCAGGGTT,,,,,,,,,,,CCTTGTTTCTACT
A/swine/Guatemala/MM-160/2013,AGCAAAAGCAGGGTT,,,,,,,,,,,CCCTTGTTTCTACT
A/swine/Hong_Kong/81/1978,AGCAAAAGCAGGGTT,,,,,,,,,,,CCTCGTTTCTACT
A/duck/Mongolia/208/2015,AAAAGCAGGGTA,,,,,,,,,,,CCTTGATT
A/Bar-headed_goose__Anser_indicus_/India/DBC1-12a/2016,AAGCAGGGTA,,,,,,,,,,,CCTTGTTTCTACT
A/duck/Mongolia/572/2015,AAGCAGGGTA,,,,,,,,,,,CCT
A/swine/Italy/526/1985,AAGCAGGGTA,,,,,,,,,,,CCTTGTT
A/Green-winged_teal_Anas_crecca_/South_Korea/KNU2019-72/2019,GGTA,,,,,,,,,,,
A/duck/Mongolia/618/2018,GGTA,,,,,,,,,,,CC
A/equine/Idaho/37875/1991,GGTA,,,,,,,,,,,
A/Wild_Duck/South_Korea/KNU2020-74/2020,CAGGGTT,,,,,,,,,,,CCTTGTTTCTTTAATCGGGACAAT
A/Wild_duck/South_Korea/KNU2020-104/2020,T,,,,,,,,,,,
A/duck/Mongolia/675/2015,ATAAGCAGGGTA,,,,,,,,,,,CCTTG
A/muscovy_duck/Vietnam/LBM115/2012,AGGGTA,,,,,,,,,,,
A/swine/Thailand/CU-PN4_1/2009,AGGGTA,,,,,,,,,,,CCTTGTTTCTA
A/pigeon/Anhui/08/2013,TTATTCGTCTCAGGGAGCAAAAGCAGGGTA,,,,,,,,,,,CCTTGTTTCTACTAATACGAGACGATATA
A/Duck/Mongolia/2021-MG09/2021,GAAAGACAGGGTT,,,,,,,,,,,CCTTG
A/chicken/Pakistan/NARC-16945/2010,TCGAGCAAAAGCAGGGTA,,,,,,,,,,,CCTTGTTTCTACTTATAGT
A/canine/Henan/L06/2018,C,,,,,,,,,,,
A/Canis_lupus_familiaris/USA/000915/2018,AGCAAAGCAGGGTA,,,,,,,,,,,CCTTGTTTCTACT
A/canine/Ohio/188191/2017,AGCAAAGCAGGGTA,,,,,,,,,,,CCTTGTTTCTACT
A/Canis_lupus_familiaris/USA/188226/2017,AGCAAAGCAGGGTA,,,,,,,,,,,CCTTGTTTCTACT
A/Canis_lupus_familiaris/USA/188203/2017,AGCAAAGCAGGGTA,,,,,,,,,,,CCTTGTTTCTACT
A/Canis_lupus_familiaris/USA/188297/2017,AGCAAAGCAGGGTA,,,,,,,,,,,CCTTGTTTCTACT
A/Canis_lupus_familiaris/USA/188305/2017,AGCAAAGCAGGGTA,,,,,,,,,,,CCTTGTTTCTACT
A/Canis_lupus_familiaris/USA/007781/2018,AGCAAAGCAGGGTA,,,,,,,,,,,CCTTGTTTCTACT
A/Canis_lupus_familiaris/USA/218592/2017,AGCAAAGCAGGGTA,,,,,,,,,,,CCTTGTTTCTACT
A/Canis_lupus_familiaris/USA/150620/2018,AGCAAAGCAGGGTA,,,,,,,,,,,CCTTGTTTCTACT
A/Canis_lupus_familiaris/USA/152386/2018,AGCAAAGCAGGGTA,,,,,,,,,,,CCTTGTTTCTACT
A/Equus_ferus_caballus/USA/72778/2019,AGCAAAGCAGGGTA,,,,,,,,,,,CCTTGTTTCTACT
A/Equus_ferus_caballus/USA/82889/2019,AGCAAAGCAGGGTA,,,,,,,,,,,CCTTGTTTCTACT
A/Equus_ferus_caballus/USA/51053/2019,AGCAAAGCAGGGTA,,,,,,,,,,,CCTTGTTTCTACT
A/Equus_caballus/USA/154390/2018,AGCAAAGCAGGGTA,,,,,,,,,,,CCTTGTTTCTACT
A/Equus_ferus_caballus/USA/53954/2019,AGCAAAGCAGGGTA,,,,,,,,,,,CCTTGTTTCTACT
A/Equus_ferus_caballus/USA/48519/2019,AGCAAAGCAGGGTA,,,,,,,,,,,CCTTGTTTCTACT
A/Equus_caballus/USA/149632/2018,AGCAAAGCAGGGTA,,,,,,,,,,,CCTTGTTTCTACT
A/Equus_ferus_caballus/USA/176576/2019,AGCAAAGCAGGGTA,,,,,,,,,,,CCTTGTTTCTACT
A/swine/France/59-120031/2012,AGCGAAAGCAGGGTA,,,,,,,,,,,
A/equine/New_York/034924/2020,AGCGAAAGCAGGGTA,,,,,,,,,,,CCTTGTTTCTACT
A/equine/New_York/CRP412/2013,AGCGAAAGCAGGGTA,,,,,,,,,,,CCTTGTTTCTACT
A/swine/Mexico/AVX57/2013,AGCGAAAGCAGGGTA,,,,,,,,,,,CCTTGTTTCTACT
A/swine/Mexico/AVX60/2013,AGCGAAAGCAGGGTA,,,,,,,,,,,CCTTGTTTCTACT
A/swine/Mexico/AVX53/2013,AGCGAAAGCAGGGTA,,,,,,,,,,,CCTTGTTTCTACT
A/swine/Mexico/AVX26/2012,AGCGAAAGCAGGGTA,,,,,,,,,,,CCTTGTTTCTACT
A/swine/Mexico/AVX28/2012,AGCGAAAGCAGGGTA,,,,,,,,,,,CCTTGTTTCTACT
A/swine/Mexico/AVX32/2012,AGCGAAAGCAGGGTA,,,,,,,,,,,CCTTGTTTCTACT
A/swine/Mexico/AVX34/2012,AGCGAAAGCAGGGTA,,,,,,,,,,,CCTTGTTTCTACT
A/swine/Mexico/AVX33/2012,AGCGAAAGCAGGGTA,,,,,,,,,,,CCTTGTTTCTACT
A/swine/Brazil/360-17/2017,AGCGAAAGCAGGGTA,,,,,,,,,,,CCTTGTTTCTACT
A/swine/Brazil/527-17/2017,AGCGAAAGCAGGGTA,,,,,,,,,,,CCTTGTTTCTACT
A/swine/Brazil/072-19-1/2019,AGCGAAAGCAGGGTA,,,,,,,,A,,,CCTTGTTTCTACT
A/swine/Mexico/AVX64/2014,AGCGAAAGCAGGGTA,,,,,,,,,,,CCTTGTTTCTACT
A/swine/Spain/42386/2002,TT,,,,,,,,,,,
A/duck/Mongolia/199/2015,CGAAAGCAGGGTA,,,,,,,,,,,CCTTGTTTCTAC
A/swine/Iowa/CD81015/2015,AAAGCAGGGTT,,,,,,,,,,,
A/swine/Mexico/9783350/2013,ACAAAAGCAGGGTA,,,,,,,,,,,CCTTGTTTCTACC
A/swine/Nakhon_Pathom/2002,AGCAATAGCAGGGTA,,,,,,,,A,A,,CCTTCATTATTCT
A/swine/Sichuan/01/2006,CRATDATTRSCATTARSAGCAAAAGCAGGGTA,,,,,,,,,,,CCTTGTTTCTACT
A/swine/Obihiro/10/1985,AGCGAAAGCAGGGTT,,,,,,,,,,,CCCTTGTTTCTACT
A/swine/Colorado/1/1977,TCCCAGTGCAGGGTA,,,,,,,,,,,CCTTGTTTCTACT
A/blue-winged_teal/Lousiana/UGAI14-0342/2014,GTT,,,,,,,,,,,
A/whooper_swan/Mongolia/1-23/2007,,G,,,,,,,,,,
A/equine/Jammu_and_Kashmir/CMVL-LEH6/2008,,,T,,,,,,,,,
A/white-fronted_goose/Mongolia/1-125/2008,,,,,G,,,,,,,
A/whooper_swan/Mongolia/1-17/2007,,,,,,C,,,,,,
A/ruddy_shelduck/Mongolia/1-26/2007,,,,,,C,,,,,,
A/snow_goose/Mongolia/1-44/2008,,,,,,,T,,,,,
A/muscovy_duck/Vietnam/LBM946/2017,,,,,,,,AAAA,,,,CCTTGTTTCTACT
A/duck/Hubei/ZYSYF12/2015,,,,,,,,,,,T,CCTTTGTTTCTACT
A/duck/Hubei/ZYSYF4/2015,,,,,,,,,,,T,CCTTTGTTTCTACT
A/duck/Hubei/ZYSYF21/2015,,,,,,,,,,,T,CCTT
A/blue-winged_teal/Missouri/17OS3234/2017,,,,,,,,,,,,CCTTGTTTCTACT
A/Spot-billed_duck/South_Korea/KNU2020-105/2020,,,,,,,,,,,,CCTTGTTTCTACT
A/duck/Vietnam/LBM836/2015,,,,,,,,,,,,CCTTGTTTCTACT
A/duck/Vietnam/LBM814/2015,,,,,,,,,,,,CCTTGTTTCTACT
A/Mallard/SanJiang/90/2006,,,,,,,,,,,,CCTTGTTTCTACT
A/Anas_platyrhynchos/Belgium/12827/2007,,,,,,,,,,,,CCTTGTTTCTACT
A/duck/Kerala/DUCL1411100010/2014,,,,,,,,,,,,CCTTGTTTCTACT
A/duck/South_Africa/1108/2004,,,,,,,,,,,,CCTTGTTTCTACT
A/duck/Shanghai/74-1/2009,,,,,,,,,,,,CCTTGTTTCTACT
A/equine/Tennessee/28B/2014,,,,,,,,,,,,CCTTGTTTCTACT
A/swine/Minnesota/65767/2006,,,,,,,,,,,,CCTTGTTTCTACT
A/swine/Minnesota/7931/2007,,,,,,,,,,,,CCTTGTTTCTACT
A/swine/Minnesota/66853/2006,,,,,,,,,,,,CCTTGTTTCTACT
A/swine/Minnesota/578/2007,,,,,,,,,,,,CCTTGTTTCTACT
A/swine/Minnesota/1300/2007,,,,,,,,,,,,CCTTGTTTCTACT
A/swine/QC/382/2009,,,,,,,,,,,,CCTTGTTTCTACT
A/swine/Minnesota/66960/2006,,,,,,,,,,,,CCTTGTTTCTACT
swine/Finistere/127/99,,,,,,,,,,,,CCTTGTTTCTACT
A/American_black_duck/New_Brunswick/19350/2006,,,,,,,,,,,,CCTTGTTTCTAC
A/pintail/Alaska/53/2005,,,,,,,,,,,,CC
A/curlew/Peru/PuV178/2009,,,,,,,,,,,,CCTGCTTCTAC
A/Arenaria_interpres/Belgium/9365_2/2019,,,,,,,,,,,,CCTTG
A/Anas_platyrhynchos/Belgium/8295/2016,,,,,,,,,,,,CCTTG
A/swine/Yokohama/aq114/2011,,,,,,,,,,,,CCTTG
A/Green-winged_teal_Anas_crecca_/South_Korea/KNU2019-57/2019,,,,,,,,,,,,CCTTGTTTCTT
A/Mallard_Anas_platyrhynchos_/South_Korea/KNU2019-50/2019,,,,,,,,,,,,CCTTGTTTCTCT
A/Mallard_Anas_platyrhynchos_/South_Korea/KNU2019-52/2019,,,,,,,,,,,,CCTTGTTTCTCT
A/canine/Singapore/SG_NParks_CIV_M3405/2018,,,,,,,,,,,,CCTT
A/swine/Cote_d'Armor/3633/84,,,,,,,,,,,,CCTTGTTTCT
A/swine/Nordkirchen/IDT1993/2003,,,,,,,,,,,,CCTGGTTTCTACTAAT
A/equine/Ohio/1/2003,,,,,,,,,,,,CCTTTGTTTCTACTA
A/red-fronted_coot/Chile/5/2013,,,,,,,,,,,,CCTGGTTTCTACT
A/swine/Zambia/51/2018,,,,,,,,,,,,AC
